Timestamp,Open,High,Low,Close,Volume,VWAP,Type,Range
16-04-2024 09:45,-1,1,-1,1,153,-2.175054705,Buy,2
16-04-2024 09:30,-4,-1,-4,-1,17,-3.154605263,Buy,3
16-04-2024 09:15,-3,-3,-3,-3,5,-3.205574913,Sell,0
16-04-2024 09:00,-3,-3,-3,-3,1,-3.209219858,Sell,0
16-04-2024 08:45,-2,-2,-4,-4,13,-3.209964413,Sell,2
16-04-2024 08:30,-4,-4,-4,-4,3,-3.194029851,Sell,0
16-04-2024 08:15,-3,-3,-3,-3,1,-3.18490566,Sell,0
16-04-2024 08:00,-4,-3,-4,-3,8,-3.185606061,Buy,1
16-04-2024 07:45,-2,-2,-2,-2,18,-3.16796875,Sell,0
16-04-2024 07:30,-3,-2,-4,-2,7,-3.256302521,Buy,2
16-04-2024 07:15,-2,-2,-3,-3,17,-3.255411255,Sell,1
16-04-2024 07:00,-3,-3,-4,-4,5,-3.303738318,Sell,1
16-04-2024 06:45,-2,-1,-3,-1,44,-3.306220096,Buy,2
16-04-2024 06:30,-4,-3,-4,-3,11,-3.642424242,Buy,1
16-04-2024 03:30,-5,-5,-5,-5,5,-3.675324675,Sell,0
16-04-2024 03:00,-5,-5,-5,-5,8,-3.630872483,Sell,0
16-04-2024 02:45,-4,-4,-5,-5,58,-3.553191489,Sell,1
16-04-2024 02:30,-2,-1,-4,-4,59,-2.638554217,Sell,3
15-04-2024 15:00,-2,-2,-2,-2,3,-2.791666667,Sell,0
15-04-2024 14:00,-2,-2,-2,-2,1,-2.904761905,Sell,0
15-04-2024 13:45,-2,-2,-2,-2,5,-2.95,Sell,0
15-04-2024 13:30,-3,-2,-3,-2,4,-3.266666667,Buy,1
15-04-2024 13:15,-3,-3,-3,-3,4,-3.454545455,Sell,0
15-04-2024 13:00,-4,-3,-4,-3,7,-3.714285714,Buy,1
15-04-2024 09:45,-3,-3,-5,-5,6,-2.571428571,Sell,2
15-04-2024 09:30,-4,-4,-5,-5,37,-2.539440204,Sell,1
15-04-2024 09:00,-4,-4,-4,-4,3,-2.306179775,Sell,0
15-04-2024 08:45,-3,-3,-4,-3,69,-2.291784703,Sell,1
15-04-2024 08:30,-3,-3,-3,-3,17,-1.915492958,Sell,0
15-04-2024 08:15,-3,-3,-3,-3,7,-1.846441948,Sell,0
15-04-2024 08:00,-3,-3,-3,-3,2,-1.815384615,Sell,0
15-04-2024 07:45,-2,-2,-3,-3,22,-1.80620155,Sell,1
15-04-2024 07:30,-1,-1,-2,-2,11,-1.703389831,Sell,1
15-04-2024 07:15,-1,0,-3,-2,15,-1.693333333,Sell,3
15-04-2024 07:00,-1,-1,-2,-2,12,-1.685714286,Sell,1
15-04-2024 06:45,-2,-2,-2,-2,14,-1.702020202,Sell,0
15-04-2024 06:30,-2,0,-2,-1,30,-1.679347826,Buy,2
15-04-2024 04:15,-3,-2,-3,-2,49,-1.837662338,Buy,1
15-04-2024 03:15,-1,-1,-1,-1,17,-1.39047619,Sell,0
15-04-2024 03:00,-1,-1,-1,-1,5,-1.465909091,Sell,0
15-04-2024 02:45,-2,-2,-3,-2,7,-1.493975904,Sell,1
15-04-2024 02:30,1,1,-2,-2,76,-1.434210526,Sell,3
12-04-2024 09:45,-2,1,-2,1,69,-0.826347305,Buy,3
12-04-2024 09:30,-1,-1,-1,-1,4,-0.98490566,Sell,0
12-04-2024 09:15,0,0,0,0,1,-0.98467433,Sell,0
12-04-2024 09:00,-1,-1,-1,-1,4,-0.988461538,Sell,0
12-04-2024 08:45,-2,-2,-3,-3,6,-0.98828125,Sell,1
12-04-2024 08:30,-2,-2,-2,-2,47,-0.948,Sell,0
12-04-2024 08:15,-2,-2,-2,-2,2,-0.704433498,Sell,0
12-04-2024 08:00,-1,-1,-1,-1,8,-0.691542289,Sell,0
12-04-2024 07:45,-2,-2,-2,-2,2,-0.678756477,Sell,0
12-04-2024 07:30,-1,-1,-1,-1,3,-0.664921466,Sell,0
12-04-2024 07:15,-1,-1,-1,-1,2,-0.659574468,Sell,0
12-04-2024 07:00,-1,-1,-1,-1,1,-0.655913978,Sell,0
12-04-2024 06:45,-1,-1,-1,-1,1,-0.654054054,Sell,0
12-04-2024 06:30,-1,-1,-2,-2,25,-0.652173913,Sell,1
12-04-2024 04:15,1,1,0,0,11,-0.496855346,Sell,1
12-04-2024 04:00,1,1,1,1,2,-0.547297297,Sell,0
12-04-2024 03:00,1,3,1,3,21,-0.568493151,Buy,2
12-04-2024 02:45,2,2,1,1,27,-0.928,Sell,1
12-04-2024 02:30,-2,1,-3,1,98,-1.673469388,Buy,4
09-04-2024 09:45,-2,-2,-2,-2,17,-0.979057592,Sell,0
09-04-2024 09:30,-2,-2,-2,-2,1,-0.879310345,Sell,0
09-04-2024 09:15,-2,-2,-2,-2,3,-0.87283237,Sell,0
09-04-2024 08:45,-2,-2,-2,-2,4,-0.852941176,Sell,0
09-04-2024 08:15,-1,-1,-1,-1,6,-0.825301205,Sell,0
09-04-2024 08:00,-1,-1,-1,-1,7,-0.81875,Sell,0
09-04-2024 06:45,-1,0,-1,0,12,-0.810457516,Buy,1
09-04-2024 06:30,1,1,1,1,6,-0.836879433,Sell,0
09-04-2024 04:15,-1,-1,-1,-1,6,-0.918518519,Sell,0
09-04-2024 04:00,0,0,-1,-1,4,-0.914728682,Sell,1
09-04-2024 03:45,-1,0,-1,0,4,-0.936,Buy,1
09-04-2024 03:30,-2,-2,-2,-2,5,-0.950413223,Sell,0
09-04-2024 03:15,-2,-2,-2,-2,13,-0.905172414,Sell,0
09-04-2024 03:00,-2,-2,-2,-2,51,-0.766990291,Sell,0
09-04-2024 02:45,0,0,-2,-2,24,0.442307692,Sell,2
09-04-2024 02:30,2,3,0,0,23,1.928571429,Sell,3
08-04-2024 14:45,2,2,2,2,2,1.4,Sell,0
08-04-2024 13:45,2,2,2,2,1,1,Sell,0
08-04-2024 13:15,0,0,0,0,1,0.5,Sell,0
08-04-2024 13:00,1,1,1,1,1,1,Sell,0
08-04-2024 09:15,3,3,3,3,1,0.719339623,Sell,0
08-04-2024 08:45,3,3,3,3,26,0.713947991,Sell,0
08-04-2024 08:30,3,3,3,3,4,0.564231738,Sell,0
08-04-2024 08:15,2,3,2,3,37,0.539440204,Buy,1
08-04-2024 08:00,2,2,2,2,7,0.356741573,Sell,0
08-04-2024 07:45,1,2,1,2,24,0.323782235,Buy,1
08-04-2024 07:30,0,1,0,1,13,0.221538462,Buy,1
08-04-2024 07:15,0,0,-1,-1,4,0.198717949,Sell,1
08-04-2024 06:45,-1,-1,-2,-2,44,0.211038961,Sell,1
08-04-2024 06:30,0,1,0,0,21,0.481060606,Sell,1
08-04-2024 04:15,0,2,0,2,42,0.502057613,Buy,2
08-04-2024 04:00,2,2,1,1,15,0.288557214,Sell,1
08-04-2024 03:45,-1,3,-1,3,130,0.204301075,Buy,4
08-04-2024 03:30,-2,-1,-2,-1,7,-1.767857143,Buy,1
08-04-2024 03:15,-1,-1,-1,-1,22,-1.755102041,Sell,0
08-04-2024 03:00,-1,-1,-1,-1,10,-2.37037037,Sell,0
08-04-2024 02:30,-4,-2,-4,-2,17,-3.176470588,Buy,2
05-04-2024 09:45,-3,-3,-4,-4,173,-1.903485255,Sell,1
05-04-2024 09:30,-2,-2,-2,-2,11,-0.925,Sell,0
05-04-2024 08:45,-2,-2,-2,-2,8,-0.862433862,Sell,0
05-04-2024 08:15,-2,-2,-2,-2,1,-0.812154696,Sell,0
05-04-2024 07:45,-1,-1,-2,-2,2,-0.805555556,Sell,1
05-04-2024 07:30,-2,-2,-2,-2,4,-0.797752809,Sell,0
05-04-2024 07:15,-2,-2,-2,-2,3,-0.770114943,Sell,0
05-04-2024 07:00,-1,-1,-1,-1,8,-0.748538012,Sell,0
05-04-2024 06:45,-1,0,-1,0,61,-0.736196319,Buy,1
05-04-2024 06:30,-1,-1,-1,-1,9,-1.156862745,Sell,0
05-04-2024 04:00,-1,-1,-1,-1,1,-1.172043011,Sell,0
05-04-2024 03:30,-2,-2,-2,-2,4,-1.173913043,Sell,0
05-04-2024 03:15,-2,-2,-2,-2,1,-1.136363636,Sell,0
05-04-2024 02:45,-1,-1,-1,-1,1,-1.126436782,Sell,0
04-04-2024 15:15,-1,-1,-1,-1,10,-1.127906977,Sell,0
04-04-2024 15:00,-1,-1,-1,-1,18,-1.144736842,Sell,0
04-04-2024 14:15,-1,-1,-1,-1,5,-1.189655172,Sell,0
04-04-2024 14:00,-1,-1,-1,-1,1,-1.20754717,Sell,0
04-04-2024 13:30,-2,-1,-2,-1,52,-1.211538462,Buy,1
04-04-2024 09:45,-4,-3,-4,-3,13,-2.649090909,Buy,1
04-04-2024 09:30,-5,-5,-5,-5,6,-2.631284916,Sell,0
04-04-2024 09:15,-4,-4,-4,-4,12,-2.604519774,Sell,0
04-04-2024 09:00,-4,-4,-5,-5,21,-2.572254335,Sell,1
04-04-2024 08:30,-4,-4,-5,-5,15,-2.47188755,Sell,1
04-04-2024 08:15,-5,-4,-5,-4,2,-2.414078675,Buy,1
04-04-2024 07:15,-4,-4,-5,-4,57,-2.405405405,Sell,1
04-04-2024 07:00,-3,-3,-3,-3,1,-2.094339623,Sell,0
04-04-2024 06:45,-5,-4,-5,-4,4,-2.092198582,Buy,1
04-04-2024 06:30,-4,-4,-5,-5,31,-2.066825776,Sell,1
04-04-2024 04:15,-5,-5,-5,-5,1,-1.902061856,Sell,0
04-04-2024 04:00,-5,-5,-5,-5,9,-1.894056848,Sell,0
04-04-2024 03:45,-5,-5,-5,-5,2,-1.82010582,Sell,0
04-04-2024 03:30,-4,-4,-5,-5,85,-1.803191489,Sell,1
04-04-2024 03:15,-5,-5,-5,-5,1,-1.158075601,Sell,0
04-04-2024 03:00,-3,-3,-5,-4,91,-1.144827586,Sell,2
04-04-2024 02:45,-1,-1,-2,-2,44,0.130653266,Sell,1
04-04-2024 02:30,-1,-1,-2,-1,20,0.541935484,Sell,1
03-04-2024 15:15,-1,-1,-2,-2,8,0.792592593,Sell,1
03-04-2024 15:00,0,0,0,0,3,0.913385827,Sell,0
03-04-2024 14:45,3,3,3,3,2,0.935483871,Sell,0
03-04-2024 14:30,2,2,2,2,34,0.901639344,Sell,0
03-04-2024 14:15,1,2,1,1,49,0.477272727,Sell,1
03-04-2024 14:00,0,0,0,0,21,-0.307692308,Sell,0
03-04-2024 13:15,0,0,0,0,6,-0.666666667,Sell,0
03-04-2024 13:00,-1,-1,-1,-1,12,-1,Sell,0
03-04-2024 09:45,-1,-1,-3,-3,29,-1.767748479,Sell,2
03-04-2024 09:30,-2,-1,-2,-1,11,-1.750261233,Buy,1
03-04-2024 09:15,-2,-2,-2,-2,30,-1.757928118,Sell,0
03-04-2024 09:00,-3,-3,-3,-3,11,-1.75,Sell,0
03-04-2024 08:45,-3,-2,-3,-2,6,-1.73480663,Buy,1
03-04-2024 08:30,-4,-4,-4,-4,5,-1.727474972,Sell,0
03-04-2024 08:15,-5,-5,-5,-5,23,-1.714765101,Sell,0
03-04-2024 08:00,-5,-5,-5,-5,11,-1.628013777,Sell,0
03-04-2024 07:45,-5,-4,-6,-6,29,-1.584883721,Sell,2
03-04-2024 07:30,-1,-1,-6,-6,257,-1.460890493,Sell,5
03-04-2024 07:15,4,4,0,0,49,-0.409407666,Sell,4
03-04-2024 07:00,2,4,2,4,22,-0.548571429,Buy,2
03-04-2024 06:45,3,4,2,4,48,-0.739562624,Buy,2
03-04-2024 06:30,-1,2,-1,2,126,-1.204395604,Buy,3
03-04-2024 04:15,-1,-1,-2,-2,15,-1.747720365,Sell,1
03-04-2024 04:00,-1,-1,-1,-1,26,-1.742038217,Sell,0
03-04-2024 03:45,-2,0,-2,0,14,-1.809027778,Buy,2
03-04-2024 03:30,-2,-2,-2,-2,18,-1.857664234,Sell,0
03-04-2024 03:15,-2,-2,-3,-2,19,-1.84765625,Sell,1
03-04-2024 03:00,-2,-1,-2,-1,10,-1.805907173,Buy,1
03-04-2024 02:45,-2,-2,-2,-2,14,-1.81938326,Sell,0
03-04-2024 02:30,-3,-2,-3,-3,50,-1.807511737,Sell,1
02-04-2024 14:45,-3,-3,-4,-3,7,-1.484662577,Sell,1
02-04-2024 14:30,-2,-2,-2,-2,4,-1.397435897,Sell,0
02-04-2024 14:15,-3,-2,-3,-2,8,-1.381578947,Buy,1
02-04-2024 14:00,-1,-1,-3,-1,12,-1.298611111,Sell,2
02-04-2024 13:45,-2,-1,-3,-1,67,-1.189393939,Buy,2
02-04-2024 13:30,0,0,-1,-1,46,-0.184615385,Sell,1
02-04-2024 13:15,0,0,-1,-1,6,1.263157895,Sell,1
02-04-2024 13:00,2,2,2,2,13,2,Sell,0
02-04-2024 09:45,0,1,-1,1,44,-1.42997543,Buy,2
02-04-2024 09:30,0,0,0,0,4,-1.663911846,Sell,0
02-04-2024 09:15,0,0,0,0,3,-1.682451253,Sell,0
02-04-2024 09:00,1,1,1,1,2,-1.696629213,Sell,0
02-04-2024 08:45,0,0,0,0,20,-1.711864407,Sell,0
02-04-2024 08:15,0,0,0,0,1,-1.814371257,Sell,0
02-04-2024 07:30,-1,1,-1,1,43,-1.81981982,Buy,2
02-04-2024 07:15,-1,-1,-1,-1,2,-2.127586207,Sell,0
02-04-2024 07:00,-1,0,-1,0,33,-2.135416667,Buy,1
02-04-2024 06:45,-2,-2,-2,-2,5,-2.368627451,Sell,0
02-04-2024 06:30,-2,-2,-2,-2,1,-2.376,Sell,0
02-04-2024 04:15,-3,-2,-3,-3,49,-2.37751004,Sell,1
02-04-2024 04:00,-2,-2,-3,-2,65,-2.39,Sell,1
02-04-2024 03:45,-4,-2,-4,-2,15,-2.533333333,Buy,2
02-04-2024 03:30,-3,-3,-3,-3,7,-2.508333333,Sell,0
02-04-2024 03:15,-3,-3,-5,-4,45,-2.477876106,Sell,2
02-04-2024 03:00,-3,-2,-3,-3,18,-1.588235294,Sell,1
02-04-2024 02:45,-1,-1,-2,-2,24,-1.2,Sell,1
02-04-2024 02:30,-1,-1,-1,-1,18,-1.346153846,Sell,0
01-04-2024 15:15,-2,-1,-2,-1,2,-2.125,Buy,1
01-04-2024 14:00,-3,-3,-3,-3,1,-2.333333333,Sell,0
01-04-2024 13:45,-2,-2,-2,-2,2,-2.2,Sell,0
01-04-2024 13:15,-3,-3,-3,-3,1,-2.333333333,Sell,0
01-04-2024 13:00,-2,-2,-2,-2,2,-2,Sell,0
01-04-2024 09:45,-3,-1,-3,-2,58,-0.807420495,Buy,2
01-04-2024 09:30,-3,-2,-3,-3,22,-0.74015748,Sell,1
01-04-2024 09:15,-3,-3,-3,-3,1,-0.658436214,Sell,0
01-04-2024 09:00,-2,-2,-2,-2,5,-0.653608247,Sell,0
01-04-2024 08:45,-2,-2,-2,-2,3,-0.639583333,Sell,0
01-04-2024 08:15,-2,-2,-3,-3,52,-0.631027254,Sell,1
01-04-2024 08:00,-3,-3,-3,-3,22,-0.418823529,Sell,0
01-04-2024 07:45,-2,-1,-2,-1,25,-0.277915633,Buy,1
01-04-2024 07:30,-4,-3,-4,-3,63,-0.211640212,Buy,1
01-04-2024 07:15,-3,-2,-3,-3,31,0.374603175,Sell,1
01-04-2024 07:00,-1,-1,-2,-2,57,0.728873239,Sell,1
01-04-2024 06:30,0,0,-1,-1,84,1.255506608,Sell,1
01-04-2024 03:30,0,0,0,0,2,2.524475524,Sell,0
01-04-2024 03:15,0,0,0,0,14,2.560283688,Sell,0
01-04-2024 03:00,0,0,0,0,3,2.842519685,Sell,0
01-04-2024 02:45,1,1,1,1,25,2.911290323,Sell,0
01-04-2024 02:30,7,7,1,2,99,3.393939394,Sell,6
29-03-2024 09:45,6,6,6,6,4,6.313953488,Sell,0
29-03-2024 09:30,6,6,6,6,1,6.321428571,Sell,0
29-03-2024 09:15,8,8,8,8,9,6.323353293,Sell,0
29-03-2024 08:15,7,7,7,7,3,6.227848101,Sell,0
29-03-2024 07:45,7,7,7,7,6,6.212903226,Sell,0
29-03-2024 07:30,6,6,6,6,5,6.181208054,Sell,0
29-03-2024 07:00,6,6,5,5,9,6.1875,Sell,1
29-03-2024 06:30,6,6,6,6,12,6.237037037,Sell,0
29-03-2024 04:15,7,7,7,7,6,6.260162602,Sell,0
29-03-2024 03:30,10,10,10,10,19,6.222222222,Sell,0
29-03-2024 03:15,6,9,6,9,61,5.489795918,Buy,3
29-03-2024 03:00,5,5,5,5,11,2.405405405,Sell,0
29-03-2024 02:45,4,5,4,5,13,1.307692308,Buy,1
29-03-2024 02:30,-7,4,-7,4,13,-1.461538462,Buy,11
27-03-2024 09:45,3,3,3,3,2,1.404761905,Sell,0
27-03-2024 09:15,1,2,1,1,17,1.365853659,Sell,1
27-03-2024 09:00,1,1,1,1,5,1.430769231,Sell,0
27-03-2024 07:15,1,1,1,1,2,1.466666667,Sell,0
27-03-2024 07:00,1,1,1,1,1,1.482758621,Sell,0
27-03-2024 06:30,1,1,1,1,1,1.49122807,Sell,0
27-03-2024 04:00,1,1,0,1,11,1.5,Sell,1
27-03-2024 03:30,1,1,1,1,1,1.644444444,Sell,0
27-03-2024 03:15,2,2,1,1,15,1.659090909,Sell,1
27-03-2024 03:00,1,1,1,1,5,1.689655172,Sell,0
27-03-2024 02:45,2,2,1,1,13,1.833333333,Sell,1
27-03-2024 02:30,3,3,2,2,6,2.454545455,Sell,1
26-03-2024 14:30,2,2,2,2,1,2,Sell,0
26-03-2024 14:00,2,2,2,2,1,2,Sell,0
26-03-2024 13:45,2,2,2,2,1,2,Sell,0
26-03-2024 13:15,2,2,2,2,2,2,Sell,0
26-03-2024 09:45,1,1,1,1,3,1.255813953,Sell,0
26-03-2024 08:45,2,2,2,2,1,1.275,Sell,0
26-03-2024 07:15,2,2,2,2,3,1.256410256,Sell,0
26-03-2024 06:30,0,0,0,0,2,1.194444444,Sell,0
26-03-2024 04:15,0,0,0,0,2,1.264705882,Sell,0
26-03-2024 04:00,0,0,-1,-1,3,1.34375,Sell,1
26-03-2024 03:45,1,1,1,1,4,1.551724138,Sell,0
26-03-2024 03:00,0,0,0,0,2,1.64,Sell,0
26-03-2024 02:45,1,1,0,0,6,1.782608696,Sell,1
26-03-2024 02:30,1,1,1,1,2,2.235294118,Sell,0
25-03-2024 15:15,1,1,1,1,2,2.4,Sell,0
25-03-2024 14:45,2,2,2,2,3,2.615384615,Sell,0
25-03-2024 14:15,2,2,2,2,1,2.8,Sell,0
25-03-2024 14:00,2,2,2,2,1,2.888888889,Sell,0
25-03-2024 13:45,3,3,3,3,4,3,Sell,0
25-03-2024 13:00,3,3,3,3,4,3,Sell,0
25-03-2024 09:45,3,4,3,4,4,2.503225806,Buy,1
25-03-2024 09:30,3,3,3,3,4,2.470198675,Sell,0
25-03-2024 09:15,3,3,3,3,1,2.455782313,Sell,0
25-03-2024 09:00,2,4,2,4,9,2.452054795,Buy,2
25-03-2024 08:45,2,2,2,2,2,2.430656934,Sell,0
25-03-2024 08:30,0,1,0,1,20,2.437037037,Buy,1
25-03-2024 08:15,2,2,1,1,25,2.852173913,Sell,1
25-03-2024 08:00,3,3,3,3,2,3.3,Sell,0
25-03-2024 07:00,3,3,3,3,5,3.306818182,Sell,0
25-03-2024 06:45,2,2,2,2,3,3.325301205,Sell,0
25-03-2024 06:30,3,3,3,3,5,3.375,Sell,0
25-03-2024 04:00,3,3,3,3,1,3.4,Sell,0
25-03-2024 03:45,5,5,5,5,2,3.405405405,Sell,0
25-03-2024 03:15,5,6,4,4,12,3.361111111,Sell,2
25-03-2024 03:00,3,5,3,5,26,3.05,Buy,2
25-03-2024 02:45,4,4,3,3,5,2.088235294,Sell,1
25-03-2024 02:30,1,3,1,3,29,1.827586207,Buy,2
22-03-2024 09:45,1,1,0,0,6,-3.613636364,Sell,1
22-03-2024 09:30,0,0,0,0,9,-3.713178295,Sell,0
22-03-2024 09:15,0,0,0,0,5,-3.847389558,Sell,0
22-03-2024 09:00,0,0,0,0,1,-3.926229508,Sell,0
22-03-2024 08:45,-1,0,-1,0,6,-3.942386831,Buy,1
22-03-2024 08:15,-1,0,-1,0,3,-4.033755274,Buy,1
22-03-2024 08:00,-3,-1,-3,-1,11,-4.076923077,Buy,2
22-03-2024 07:45,-2,-2,-2,-2,1,-4.156950673,Sell,0
22-03-2024 07:15,-1,-1,-1,-1,1,-4.166666667,Sell,0
22-03-2024 07:00,-1,-1,-1,-1,7,-4.180995475,Sell,0
22-03-2024 06:45,-1,-1,-1,-1,17,-4.285046729,Sell,0
22-03-2024 06:30,-3,-2,-3,-2,27,-4.568527919,Buy,1
22-03-2024 04:00,-3,-3,-3,-3,1,-4.929411765,Sell,0
22-03-2024 03:45,-3,-3,-3,-3,1,-4.940828402,Sell,0
22-03-2024 03:15,-3,-2,-3,-2,9,-4.952380952,Buy,1
22-03-2024 03:00,-4,-4,-4,-4,1,-5.06918239,Sell,0
22-03-2024 02:45,-4,-4,-5,-4,11,-5.075949367,Sell,1
22-03-2024 02:30,-5,-4,-6,-4,22,-5.102040816,Buy,2
21-03-2024 15:15,-5,-5,-6,-6,25,-5.096,Sell,1
21-03-2024 15:00,-6,-5,-6,-6,13,-4.9,Sell,1
21-03-2024 14:45,-5,-4,-6,-6,77,-4.75862069,Sell,2
21-03-2024 14:30,-5,-5,-5,-5,4,-4.3,Sell,0
21-03-2024 14:15,-3,-3,-3,-3,1,-3.833333333,Sell,0
21-03-2024 13:45,-4,-4,-4,-4,1,-4,Sell,0
21-03-2024 13:30,-4,-4,-4,-4,2,-4,Sell,0
21-03-2024 13:15,-4,-4,-4,-4,2,-4,Sell,0
21-03-2024 09:45,-4,-4,-5,-5,21,-3.164179104,Sell,1
21-03-2024 08:30,-3,-3,-3,-3,1,-2.96460177,Sell,0
21-03-2024 08:15,-2,-2,-3,-3,3,-2.964285714,Sell,1
21-03-2024 08:00,-3,-2,-3,-2,4,-2.981651376,Buy,1
21-03-2024 07:00,-2,-2,-2,-2,2,-2.99047619,Sell,0
21-03-2024 06:45,-4,-3,-4,-3,2,-3.009708738,Buy,1
21-03-2024 06:30,-1,-1,-5,-2,75,-3,Sell,4
21-03-2024 03:45,-1,-1,-1,-1,2,-1.961538462,Sell,0
21-03-2024 02:45,-1,-1,-1,-1,2,-2.041666667,Sell,0
21-03-2024 02:30,-1,-1,-1,-1,6,-2.136363636,Sell,0
20-03-2024 14:45,-3,-3,-3,-3,5,-2.5625,Sell,0
20-03-2024 14:15,-2,-2,-2,-2,6,-2.363636364,Sell,0
20-03-2024 13:00,-4,-2,-4,-2,5,-2.8,Buy,2
20-03-2024 09:45,-3,-3,-4,-4,7,-1.834862385,Sell,1
20-03-2024 09:30,-3,-3,-3,-3,7,-1.772511848,Sell,0
20-03-2024 09:15,-3,-3,-3,-3,8,-1.730392157,Sell,0
20-03-2024 09:00,-2,-2,-2,-2,5,-1.678571429,Sell,0
20-03-2024 08:45,-2,-2,-2,-2,3,-1.670157068,Sell,0
20-03-2024 08:00,-2,-2,-2,-2,1,-1.664893617,Sell,0
20-03-2024 07:45,-3,-3,-3,-3,3,-1.663101604,Sell,0
20-03-2024 07:15,-3,-3,-3,-3,7,-1.641304348,Sell,0
20-03-2024 07:00,-3,-2,-3,-3,12,-1.587570621,Sell,1
20-03-2024 06:45,-2,-2,-2,-2,7,-1.490909091,Sell,0
20-03-2024 06:30,0,1,-1,-1,10,-1.46835443,Sell,2
20-03-2024 04:15,0,0,0,0,2,-1.554054054,Sell,0
20-03-2024 04:00,0,0,0,0,12,-1.575342466,Sell,0
20-03-2024 03:45,-1,-1,-1,-1,3,-1.71641791,Sell,0
20-03-2024 03:30,0,0,0,0,9,-1.732824427,Sell,0
20-03-2024 03:15,2,2,2,2,2,-1.860655738,Sell,0
20-03-2024 03:00,-2,2,-2,2,65,-1.925,Buy,4
20-03-2024 02:45,-3,-3,-4,-3,5,-4.527272727,Sell,1
20-03-2024 02:30,-5,-2,-5,-2,10,-4.64,Buy,3
19-03-2024 15:00,-5,-5,-5,-5,3,-4.825,Sell,0
19-03-2024 14:45,-5,-5,-5,-5,30,-4.810810811,Sell,0
19-03-2024 14:15,-4,-4,-4,-4,4,-4,Sell,0
19-03-2024 13:00,-4,-4,-4,-4,3,-4,Sell,0
19-03-2024 09:45,-4,-4,-4,-4,21,-3.844686649,Sell,0
19-03-2024 09:30,-3,-3,-3,-3,2,-3.835260116,Sell,0
19-03-2024 09:15,-3,-3,-3,-3,1,-3.840116279,Sell,0
19-03-2024 08:45,-5,-4,-5,-4,9,-3.842565598,Buy,1
19-03-2024 08:30,-4,-4,-5,-5,18,-3.820359281,Sell,1
19-03-2024 08:15,-3,-3,-3,-3,2,-3.806962025,Sell,0
19-03-2024 08:00,-3,-3,-3,-3,2,-3.812101911,Sell,0
19-03-2024 07:30,0,0,-2,-2,8,-3.817307692,Sell,2
19-03-2024 07:15,0,0,0,0,2,-3.898026316,Sell,0
19-03-2024 06:45,-1,-1,-1,-1,16,-3.92384106,Sell,0
19-03-2024 06:30,-3,-1,-3,-1,42,-4.087412587,Buy,2
19-03-2024 04:15,-5,-4,-5,-5,21,-4.540983607,Sell,1
19-03-2024 03:00,-4,-4,-5,-5,14,-4.515695067,Sell,1
19-03-2024 02:45,-5,-4,-5,-5,112,-4.492822967,Sell,1
19-03-2024 02:30,-3,-3,-5,-5,64,-4.18556701,Sell,2
18-03-2024 15:15,-2,-2,-2,-2,1,-3.151515152,Sell,0
18-03-2024 14:30,-4,-4,-5,-5,12,-3.1875,Sell,1
18-03-2024 14:15,-4,-4,-4,-4,2,-2.5,Sell,0
18-03-2024 14:00,-3,-3,-3,-3,3,-2.333333333,Sell,0
18-03-2024 13:45,-2,-1,-2,-1,9,-2.2,Buy,1
18-03-2024 13:00,-3,-3,-3,-3,6,-3,Sell,0
18-03-2024 09:45,-2,-2,-2,-2,7,-3.142300195,Sell,0
18-03-2024 08:45,-4,-4,-4,-4,2,-3.158102767,Sell,0
18-03-2024 08:30,-2,-2,-2,-2,4,-3.154761905,Sell,0
18-03-2024 08:00,-3,-3,-3,-3,7,-3.164,Sell,0
18-03-2024 07:45,-1,0,-1,-1,20,-3.1663286,Sell,1
18-03-2024 07:30,-1,-1,-1,-1,1,-3.266384778,Sell,0
18-03-2024 07:15,-2,-1,-2,-1,16,-3.271186441,Buy,1
18-03-2024 07:00,-3,-3,-3,-3,1,-3.317982456,Sell,0
18-03-2024 06:45,-3,-2,-3,-2,2,-3.318681319,Buy,1
18-03-2024 06:30,-5,-3,-5,-3,22,-3.322295806,Buy,2
18-03-2024 03:45,-8,-8,-8,-8,12,-3.299303944,Sell,0
18-03-2024 03:30,-7,-7,-8,-8,37,-3.164677804,Sell,1
18-03-2024 03:15,-6,-4,-7,-6,125,-2.77486911,Sell,3
18-03-2024 03:00,-3,-3,-6,-6,70,-1.509727626,Sell,3
18-03-2024 02:45,0,0,-3,-3,110,-0.347593583,Sell,3
18-03-2024 02:30,2,2,0,0,77,0.675324675,Sell,2
15-03-2024 09:15,3,3,3,3,1,3.573529412,Sell,0
15-03-2024 09:00,2,2,2,2,5,3.577777778,Sell,0
15-03-2024 08:30,2,2,2,2,1,3.638461538,Sell,0
15-03-2024 07:45,4,4,4,4,4,3.651162791,Sell,0
15-03-2024 07:30,3,3,3,3,1,3.64,Sell,0
15-03-2024 07:00,3,3,2,2,32,3.64516129,Sell,1
15-03-2024 06:45,4,4,4,4,1,4.130434783,Sell,0
15-03-2024 06:30,3,4,3,4,13,4.131868132,Buy,1
15-03-2024 04:15,3,3,3,3,1,4.166666667,Sell,0
15-03-2024 04:00,3,3,3,3,1,4.181818182,Sell,0
15-03-2024 03:15,3,3,2,2,26,4.197368421,Sell,1
15-03-2024 03:00,4,4,3,3,25,4.96,Sell,1
15-03-2024 02:45,6,6,5,5,12,6,Sell,1
15-03-2024 02:30,7,7,6,6,5,6.692307692,Sell,1
14-03-2024 15:15,7,7,7,7,1,7,Sell,0
14-03-2024 14:15,7,7,7,7,6,7,Sell,0
14-03-2024 13:00,7,7,7,7,1,7,Sell,0
14-03-2024 09:45,6,6,6,6,7,9.284569138,Sell,0
14-03-2024 09:15,7,7,7,7,6,9.331300813,Sell,0
14-03-2024 08:45,6,9,6,9,24,9.360082305,Buy,3
14-03-2024 08:30,7,7,6,6,9,9.426406926,Sell,1
14-03-2024 08:00,6,6,6,6,5,9.492273731,Sell,0
14-03-2024 07:45,9,9,7,7,10,9.53125,Sell,2
14-03-2024 07:30,9,9,9,9,2,9.577625571,Sell,0
14-03-2024 07:15,9,9,9,9,3,9.580275229,Sell,0
14-03-2024 07:00,8,9,8,8,11,9.584295612,Sell,1
14-03-2024 06:45,6,6,5,6,10,9.623222749,Sell,1
14-03-2024 06:30,7,7,6,6,10,9.720873786,Sell,1
14-03-2024 04:15,5,5,5,5,7,9.7960199,Sell,0
14-03-2024 04:00,6,6,5,5,61,9.881012658,Sell,1
14-03-2024 03:45,8,8,6,6,39,10.65568862,Sell,2
14-03-2024 03:30,10,10,8,8,20,11.08813559,Sell,2
14-03-2024 03:15,10,11,9,9,20,11.29090909,Sell,2
14-03-2024 03:00,9,10,9,10,34,11.4,Buy,1
14-03-2024 02:45,11,11,9,9,109,11.76470588,Sell,2
14-03-2024 02:30,17,17,12,12,68,13.36607143,Sell,5
13-03-2024 14:30,14,14,14,14,1,13.06818182,Sell,0
13-03-2024 14:15,14,14,14,14,1,13.04651163,Sell,0
13-03-2024 14:00,14,14,14,14,1,13.02380952,Sell,0
13-03-2024 13:00,13,13,13,13,41,13,Sell,0
13-03-2024 09:45,14,14,14,14,10,17.80917874,Sell,0
13-03-2024 09:30,14,14,14,14,36,17.90346535,Sell,0
13-03-2024 09:15,14,14,14,14,8,18.28532609,Sell,0
13-03-2024 09:00,14,14,14,14,10,18.38055556,Sell,0
13-03-2024 08:15,14,14,14,14,2,18.50571429,Sell,0
13-03-2024 08:00,15,15,14,14,36,18.5316092,Sell,1
13-03-2024 07:30,16,16,16,16,9,18.94871795,Sell,0
13-03-2024 07:00,16,16,16,16,8,19.03630363,Sell,0
13-03-2024 06:45,15,15,15,15,2,19.11864407,Sell,0
13-03-2024 06:30,16,16,16,16,31,19.14675768,Sell,0
13-03-2024 04:15,17,17,17,17,9,19.51908397,Sell,0
13-03-2024 04:00,17,17,17,17,4,19.60869565,Sell,0
13-03-2024 03:45,17,17,17,17,8,19.65060241,Sell,0
13-03-2024 03:30,16,16,16,16,12,19.73858921,Sell,0
13-03-2024 03:15,19,19,17,17,75,19.93449782,Sell,2
13-03-2024 03:00,21,21,19,19,87,21.12987013,Sell,2
13-03-2024 02:45,22,22,22,22,16,22.44776119,Sell,0
13-03-2024 02:30,24,24,22,22,30,22.58823529,Sell,2
12-03-2024 15:00,23,23,23,23,17,23.23809524,Sell,0
12-03-2024 14:45,24,24,24,24,2,24.25,Sell,0
12-03-2024 14:00,24,24,24,24,1,24.5,Sell,0
12-03-2024 13:45,25,25,25,25,1,25,Sell,0
12-03-2024 09:45,23,23,23,23,14,28.15289256,Sell,0
12-03-2024 09:15,24,24,24,24,3,28.30638298,Sell,0
12-03-2024 09:00,26,26,24,24,35,28.33404711,Sell,2
12-03-2024 08:45,27,27,26,26,32,28.62962963,Sell,1
12-03-2024 08:30,28,28,28,28,11,28.825,Sell,0
12-03-2024 08:15,29,29,29,29,5,28.84832905,Sell,0
12-03-2024 08:00,29,29,28,28,23,28.84635417,Sell,1
12-03-2024 07:45,28,29,28,28,55,28.86426593,Sell,1
12-03-2024 07:30,28,29,27,28,23,28.90522876,Sell,2
12-03-2024 07:00,30,30,29,29,5,29.01413428,Sell,1
12-03-2024 06:45,29,29,29,29,29,29.00719424,Sell,0
12-03-2024 06:30,27,29,26,29,61,29.00803213,Buy,3
12-03-2024 04:15,27,27,27,27,9,29.46276596,Sell,0
12-03-2024 04:00,28,30,28,28,69,29.58659218,Sell,2
12-03-2024 03:45,28,28,27,27,10,29.92727273,Sell,1
12-03-2024 03:30,28,28,28,28,13,30.16,Sell,0
12-03-2024 03:15,28,28,28,28,4,30.48275862,Sell,0
12-03-2024 03:00,30,30,28,29,43,30.60240964,Sell,2
12-03-2024 02:45,31,31,31,31,7,32.425,Sell,0
12-03-2024 02:30,33,33,32,33,21,32.72727273,Sell,1
11-03-2024 15:00,34,34,34,34,1,33,Sell,0
11-03-2024 14:30,34,34,34,34,1,32.90909091,Sell,0
11-03-2024 14:00,34,34,34,34,2,32.8,Sell,0
11-03-2024 13:15,34,34,34,34,2,32.5,Sell,0
11-03-2024 13:00,32,32,32,32,6,32,Sell,0
11-03-2024 09:45,34,35,33,34,46,32.29213483,Sell,2
11-03-2024 09:30,33,33,33,33,6,32.07741935,Sell,0
11-03-2024 09:15,34,34,33,34,5,32.05921053,Sell,1
11-03-2024 09:00,34,34,34,34,6,32.0367893,Sell,0
11-03-2024 08:00,34,35,34,34,25,31.99658703,Sell,1
11-03-2024 07:45,34,34,34,34,7,31.76492537,Sell,0
11-03-2024 07:30,33,33,33,33,5,31.70498084,Sell,0
11-03-2024 07:15,33,33,33,33,1,31.6796875,Sell,0
11-03-2024 07:00,31,31,31,31,1,31.6745098,Sell,0
11-03-2024 06:45,30,32,30,31,16,31.67716535,Buy,2
11-03-2024 06:30,31,31,28,30,67,31.71428571,Sell,3
11-03-2024 04:15,32,32,32,32,10,32.73099415,Sell,0
11-03-2024 04:00,32,32,32,32,1,32.77639752,Sell,0
11-03-2024 03:30,33,33,33,33,1,32.78125,Sell,0
11-03-2024 03:15,33,33,31,31,5,32.77987421,Sell,2
11-03-2024 03:00,33,33,32,32,4,32.7987013,Sell,1
11-03-2024 02:45,31,32,31,32,19,32.8,Buy,1
11-03-2024 02:30,39,39,30,30,131,32.96183206,Sell,9
08-03-2024 09:45,39,40,39,39,91,34.54081633,Sell,1
08-03-2024 09:30,37,39,37,39,64,33.62977867,Buy,2
08-03-2024 09:00,37,37,37,37,17,32.97459584,Sell,0
08-03-2024 08:45,36,37,36,37,9,32.81009615,Buy,1
08-03-2024 08:30,35,36,35,36,20,32.73464373,Buy,1
08-03-2024 08:00,37,37,36,36,14,32.58914729,Sell,1
08-03-2024 07:30,36,37,36,37,5,32.45308311,Buy,1
08-03-2024 07:15,36,37,36,37,13,32.39402174,Buy,1
08-03-2024 07:00,37,38,36,36,6,32.23098592,Sell,2
08-03-2024 06:45,36,37,36,37,37,32.15472779,Buy,1
08-03-2024 06:30,35,36,33,36,67,31.63782051,Buy,3
08-03-2024 04:15,34,34,34,34,3,30.68979592,Sell,0
08-03-2024 04:00,35,35,35,35,11,30.64876033,Sell,0
08-03-2024 03:45,34,34,33,34,23,30.44155844,Sell,1
08-03-2024 03:30,33,35,33,35,28,30.0625,Buy,2
08-03-2024 03:15,30,33,30,33,45,29.48333333,Buy,3
08-03-2024 03:00,29,31,29,31,73,28.82222222,Buy,2
08-03-2024 02:45,28,29,28,29,15,27.85483871,Buy,1
08-03-2024 02:30,27,28,27,27,44,27.72340426,Sell,1
07-03-2024 15:15,27,27,27,27,1,26.66666667,Sell,0
07-03-2024 15:00,27,27,27,27,1,26.5,Sell,0
07-03-2024 13:30,26,26,26,26,1,26,Sell,0
07-03-2024 09:45,27,28,27,27,35,21.37826685,Sell,1
07-03-2024 09:30,26,27,26,27,58,21.08815029,Buy,1
07-03-2024 09:15,24,25,24,25,73,20.5977918,Buy,1
07-03-2024 08:30,24,24,24,24,1,20.06060606,Sell,0
07-03-2024 08:15,22,25,22,25,172,20.05357143,Buy,3
07-03-2024 08:00,22,22,22,22,23,18.59020619,Sell,0
07-03-2024 07:45,22,22,22,22,2,18.37534247,Sell,0
07-03-2024 07:30,21,22,21,22,52,18.3553719,Buy,1
07-03-2024 06:30,20,20,20,20,1,17.89389068,Sell,0
07-03-2024 04:15,20,20,20,20,5,17.88709677,Sell,0
07-03-2024 03:45,20,20,20,20,1,17.85245902,Sell,0
07-03-2024 03:30,21,21,21,21,4,17.84539474,Sell,0
07-03-2024 03:15,20,20,20,20,38,17.80333333,Sell,0
07-03-2024 03:00,19,19,19,19,6,17.48473282,Sell,0
07-03-2024 02:30,18,19,18,19,47,17.44921875,Buy,1
06-03-2024 15:15,18,18,18,18,3,17.17703349,Sell,0
06-03-2024 15:00,18,18,18,18,5,17.16504854,Sell,0
06-03-2024 14:45,18,18,18,18,13,17.14427861,Sell,0
06-03-2024 14:30,17,18,17,18,21,17.08510638,Buy,1
06-03-2024 14:15,17,18,17,18,3,16.9760479,Buy,1
06-03-2024 14:00,17,17,17,17,122,16.96341463,Sell,0
06-03-2024 13:45,17,17,17,17,16,16.85714286,Sell,0
06-03-2024 13:30,17,17,17,17,12,16.76923077,Sell,0
06-03-2024 13:15,17,17,17,17,8,16.57142857,Sell,0
06-03-2024 13:00,16,16,16,16,6,16,Sell,0
06-03-2024 09:45,16,16,14,15,21,15.24675325,Sell,2
06-03-2024 09:15,15,15,15,15,1,15.19642857,Sell,0
06-03-2024 08:00,14,14,14,14,13,15.2,Sell,0
06-03-2024 07:45,15,15,15,15,10,15.57142857,Sell,0
06-03-2024 06:30,15,15,15,15,11,15.75,Sell,0
06-03-2024 02:45,15,15,15,15,3,16.14285714,Sell,0
06-03-2024 02:30,16,16,16,16,1,16.33333333,Sell,0
05-03-2024 15:00,17,17,17,17,2,16.35294118,Sell,0
05-03-2024 14:30,17,17,16,16,10,16.26666667,Sell,1
05-03-2024 14:15,16,16,16,16,4,16,Sell,0
05-03-2024 13:30,16,16,16,16,1,16,Sell,0
05-03-2024 08:00,16,16,16,16,3,16.59375,Sell,0
05-03-2024 06:45,17,17,17,17,1,16.62295082,Sell,0
05-03-2024 06:30,17,17,17,17,9,16.61666667,Sell,0
05-03-2024 04:00,16,16,16,16,8,16.54901961,Sell,0
05-03-2024 03:45,16,16,16,16,1,16.65116279,Sell,0
05-03-2024 02:45,17,17,17,17,18,16.66666667,Sell,0
05-03-2024 02:30,16,16,16,16,14,16.41666667,Sell,0
04-03-2024 15:15,17,17,17,17,7,17,Sell,0
04-03-2024 13:30,17,17,17,17,3,17,Sell,0
04-03-2024 09:45,16,16,16,16,3,15.4516129,Sell,0
04-03-2024 09:15,16,16,16,16,5,15.39285714,Sell,0
04-03-2024 09:00,16,16,16,16,7,15.26086957,Sell,0
04-03-2024 08:45,15,15,15,15,1,14.9375,Sell,0
04-03-2024 08:15,14,14,14,14,2,14.93333333,Sell,0
04-03-2024 08:00,14,14,14,14,6,15.07692308,Sell,0
04-03-2024 03:30,16,16,16,16,5,16,Sell,0
04-03-2024 02:30,16,16,16,16,2,16,Sell,0
01-03-2024 09:45,16,16,16,16,3,16.15652174,Sell,0
01-03-2024 09:30,16,16,16,16,2,16.16071429,Sell,0
01-03-2024 09:15,16,17,16,17,5,16.16363636,Buy,1
01-03-2024 09:00,16,16,16,16,1,16.16190476,Sell,0
01-03-2024 08:45,16,16,16,16,3,16.16346154,Sell,0
01-03-2024 08:15,16,16,16,16,3,16.16831683,Sell,0
01-03-2024 07:00,16,16,16,16,4,16.17346939,Sell,0
01-03-2024 06:45,16,16,16,16,4,16.18085106,Sell,0
01-03-2024 06:30,17,17,17,17,2,16.18888889,Sell,0
01-03-2024 04:15,17,17,17,17,2,16.17045455,Sell,0
01-03-2024 04:00,17,17,17,17,26,16.15116279,Sell,0
01-03-2024 03:45,16,17,16,17,6,15.78333333,Buy,1
01-03-2024 03:15,16,16,16,16,33,15.74074074,Sell,0
01-03-2024 02:30,15,16,15,16,10,15.33333333,Buy,1
29-02-2024 13:45,15,15,15,15,2,15,Sell,0
29-02-2024 13:30,15,15,15,15,4,15,Sell,0
29-02-2024 13:00,15,15,15,15,5,15,Sell,0
29-02-2024 09:45,15,16,15,16,7,14.83263598,Buy,1
29-02-2024 09:15,13,13,13,13,2,14.81896552,Sell,0
29-02-2024 09:00,14,14,14,14,12,14.83478261,Sell,0
29-02-2024 08:45,14,14,14,14,8,14.88073394,Sell,0
29-02-2024 08:30,15,15,15,15,19,14.91428571,Sell,0
29-02-2024 08:15,16,16,15,16,39,14.90575916,Sell,1
29-02-2024 08:00,15,15,15,15,5,14.71710526,Sell,0
29-02-2024 07:45,14,15,14,15,56,14.70748299,Buy,1
29-02-2024 07:15,14,15,14,15,9,14.53846154,Buy,1
29-02-2024 07:00,14,14,14,14,6,14.5,Sell,0
29-02-2024 06:45,14,14,14,14,20,14.53947368,Sell,0
29-02-2024 04:00,14,14,14,14,5,14.73214286,Sell,0
29-02-2024 03:45,14,14,14,14,1,14.80392157,Sell,0
29-02-2024 03:30,14,14,14,14,1,14.82,Sell,0
29-02-2024 03:15,14,14,14,14,4,14.83673469,Sell,0
29-02-2024 03:00,14,16,14,14,36,14.91111111,Sell,2
29-02-2024 02:45,14,14,14,14,1,14,Sell,0
29-02-2024 02:30,14,14,14,14,6,14,Sell,0
28-02-2024 13:15,14,14,14,14,1,14,Sell,0
28-02-2024 13:00,14,14,14,14,1,14,Sell,0
28-02-2024 09:45,12,12,12,12,1,14.27868852,Sell,0
28-02-2024 09:00,12,12,12,12,10,14.29752066,Sell,0
28-02-2024 08:30,13,13,13,13,4,14.5045045,Sell,0
28-02-2024 08:15,13,13,13,13,3,14.56074766,Sell,0
28-02-2024 06:45,15,15,15,15,1,14.60576923,Sell,0
28-02-2024 06:30,15,15,15,15,4,14.60194175,Sell,0
28-02-2024 04:00,13,13,13,13,10,14.58585859,Sell,0
28-02-2024 03:15,14,14,14,14,2,14.76404494,Sell,0
28-02-2024 03:00,15,15,15,15,1,14.7816092,Sell,0
28-02-2024 02:45,14,15,14,15,65,14.77906977,Buy,1
28-02-2024 02:30,15,15,14,14,10,14.23809524,Sell,1
27-02-2024 15:15,15,15,15,15,3,14.36363636,Sell,0
27-02-2024 14:45,15,15,15,15,1,14.125,Sell,0
27-02-2024 13:30,14,14,14,14,7,14,Sell,0
27-02-2024 09:45,15,15,13,13,31,12.44859813,Sell,2
27-02-2024 09:30,14,15,14,14,50,12.15300546,Sell,1
27-02-2024 09:00,13,13,13,13,7,11.45112782,Sell,0
27-02-2024 08:45,12,13,12,13,17,11.36507937,Buy,1
27-02-2024 08:15,12,12,12,12,2,11.13761468,Sell,0
27-02-2024 07:15,12,12,12,12,11,11.12149533,Sell,0
27-02-2024 06:45,12,12,12,12,25,11.02083333,Sell,0
27-02-2024 06:30,11,11,11,11,31,10.67605634,Sell,0
27-02-2024 04:15,10,10,10,10,6,10.425,Sell,0
27-02-2024 04:00,10,10,9,9,5,10.5,Sell,1
27-02-2024 03:45,10,10,10,10,4,10.72413793,Sell,0
27-02-2024 02:30,10,11,10,11,23,10.84,Buy,1
26-02-2024 14:00,10,10,10,10,2,10,Sell,0
26-02-2024 09:30,8,8,8,8,1,9.363636364,Sell,0
26-02-2024 09:15,10,10,8,8,17,9.388888889,Sell,2
26-02-2024 06:45,10,11,10,11,22,9.621621622,Buy,1
26-02-2024 06:30,9,9,9,9,7,9,Sell,0
26-02-2024 03:15,9,9,9,9,2,9,Sell,0
26-02-2024 02:30,9,9,9,9,6,9,Sell,0
23-02-2024 09:00,7,7,7,7,2,7.108108108,Sell,0
23-02-2024 08:45,8,8,8,8,2,7.114285714,Sell,0
23-02-2024 04:00,7,7,7,7,2,7.060606061,Sell,0
23-02-2024 03:45,8,8,8,8,2,7.064516129,Sell,0
23-02-2024 02:45,7,7,7,7,1,7,Sell,0
23-02-2024 02:30,7,7,7,7,28,7,Sell,0
22-02-2024 09:15,8,8,8,8,6,10.38392857,Sell,0
22-02-2024 07:30,9,9,9,9,28,10.51886792,Sell,0
22-02-2024 07:00,10,10,10,10,1,11.06410256,Sell,0
22-02-2024 06:30,11,11,11,11,10,11.07792208,Sell,0
22-02-2024 04:15,11,11,11,11,6,11.08955224,Sell,0
22-02-2024 02:45,12,12,12,12,1,11.09836066,Sell,0
22-02-2024 02:30,12,12,12,12,20,11.08333333,Sell,0
21-02-2024 14:30,11,11,11,11,7,10.625,Sell,0
21-02-2024 13:15,11,11,11,11,13,10.54545455,Sell,0
21-02-2024 13:00,9,11,9,11,20,10.25,Buy,2
