Timestamp,Market Open Interest,Daily Range,10 Day  Average Daily Range,10 Day Average MOI,Greater MOI,Greater DR
29-02-2024,253387,70,NA,NA,NA,NA
28-02-2024,243724,53,NA,NA,NA,NA
27-02-2024,241314,70,NA,NA,NA,NA
26-02-2024,237902,42,NA,NA,NA,NA
23-02-2024,234976,54,NA,NA,NA,NA
22-02-2024,238958,59,NA,NA,NA,NA
21-02-2024,240043,90,NA,NA,NA,NA
20-02-2024,233386,44,NA,NA,NA,NA
19-02-2024,230273,67,NA,NA,NA,NA
16-02-2024,227927,46,59.5,238189,0,0
15-02-2024,225284,97,62.2,235378.7,0,1
14-02-2024,225884,61,63,233594.7,0,0
13-02-2024,221665,74,63.4,231629.8,0,1
12-02-2024,218313,68,65.78,229670.9,0,1
09-02-2024,218313,74,68,228004.6,0,1
08-02-2024,216832,75,69.78,225792,0,1
07-02-2024,213967,75,68.11,223184.4,0,1
06-02-2024,212608,71,71.11,221106.6,0,0
05-02-2024,209612,64,70.78,219040.5,0,0
02-02-2024,208948,37,69.78,217142.6,0,0
31-01-2024,213617,65,66.22,215975.9,0,0
30-01-2024,213781,125,73.33,214765.6,0,1
29-01-2024,214979,43,69.89,214097,1,0
26-01-2024,214451,87,71.6,213710.8,1,1
24-01-2024,209735,61,70.3,212853,0,0
23-01-2024,210359,83,71.1,212205.7,0,1
22-01-2024,209926,40,67.6,211801.6,0,0
19-01-2024,210844,72,67.7,211625.2,0,1
18-01-2024,209502,108,72.1,211614.2,0,1
17-01-2024,207016,81,76.5,211421,0,1
16-01-2024,207056,84,78.4,210764.9,0,1
15-01-2024,203333,43,70.2,209720.1,0,0
12-01-2024,202342,92,75.1,208456.4,0,1
11-01-2024,207276,47,71.1,207738.9,0,0
10-01-2024,206008,92,74.2,207366.2,0,1
09-01-2024,208094,113,77.2,207139.7,1,1
08-01-2024,209554,56,78.8,207102.5,1,0
05-01-2024,212004,43,75.9,207218.5,1,0
04-01-2024,214362,42,69.3,207704.5,1,0
03-01-2024,214637,69,68.1,208466.6,1,1
02-01-2024,215342,50,64.7,209295.2,1,0
29-12-2023,214704,78,68.2,210432.3,1,1
28-12-2023,213487,31,62.1,211546.8,1,0
27-12-2023,219536,39,61.3,212772.8,1,0
26-12-2023,217402,38,55.9,213912.2,1,0
22-12-2023,217514,59,50.5,214854.2,1,1
21-12-2023,221033,94,54.3,216002.1,1,1
20-12-2023,220305,46,54.6,216832.2,1,0
19-12-2023,218704,42,54.6,217266.4,1,0
18-12-2023,216045,85,56.2,217407.2,0,1
15-12-2023,215935,64,57.6,217466.5,0,1
14-12-2023,219433,48,54.6,217939.4,1,0
13-12-2023,217271,73,58.8,218317.8,0,1
12-12-2023,216723,75,62.4,218036.5,0,1
11-12-2023,215539,53,63.9,217850.2,0,0
08-12-2023,214153,62,64.2,217514.1,0,0
07-12-2023,216188,85,63.3,217029.6,0,1
06-12-2023,216557,104,69.1,216654.8,0,1
05-12-2023,211963,82,73.1,215980.7,0,1
04-12-2023,208321,38,68.4,215208.3,0,0
01-12-2023,208661,95,71.5,214480.9,0,1
30-11-2023,206142,51,71.8,213151.8,0,0
29-11-2023,207183,71,71.6,212143,0,0
28-11-2023,210674,67,70.8,211538.1,0,0
27-11-2023,211391,68,72.3,211123.3,1,0
24-11-2023,211241,69,73,210832.1,1,0
23-11-2023,210424,51,69.6,210255.7,1,0
22-11-2023,210528,87,67.9,209652.8,1,1
21-11-2023,208339,70,66.7,209290.4,0,1
20-11-2023,208147,45,67.4,209273,0,0
17-11-2023,210160,92,67.1,209422.9,1,1
16-11-2023,214906,64,68.4,210299.3,1,0
15-11-2023,219171,92,70.5,211498.1,1,1
14-11-2023,217397,84,72.2,212170.4,1,1
10-11-2023,215538,75,72.9,212585.1,1,1
09-11-2023,212522,60,72,212713.2,0,0
08-11-2023,211253,69,73.8,212796.1,0,0
07-11-2023,213350,95,74.6,213078.3,1,1
06-11-2023,212598,72,74.8,213504.2,0,0
03-11-2023,215228,47,75,214212.3,1,0
02-11-2023,216743,118,77.6,214870.6,1,1
01-11-2023,215846,71,78.3,214964.6,1,0
31-10-2023,213479,95,78.6,214395.4,0,1
30-10-2023,211928,77,77.9,213848.5,0,0
27-10-2023,212089,79,78.3,213503.6,0,1
26-10-2023,215447,133,85.6,213796.1,1,1
25-10-2023,211404,69,85.6,213811.2,0,0
24-10-2023,212102,105,86.6,213686.4,0,1
23-10-2023,222092,55,84.9,214635.8,1,0
20-10-2023,224055,69,87.1,215518.5,1,0
19-10-2023,223598,102,85.5,216204,1,1
18-10-2023,222625,64,84.8,216881.9,1,0
17-10-2023,223913,50,80.3,217925.3,1,0
16-10-2023,225695,45,77.1,219302,1,0
13-10-2023,230163,127,81.9,221109.4,1,1
12-10-2023,234450,110,79.6,223009.7,1,1
11-10-2023,234302,64,79.1,225299.5,1,0
10-10-2023,230125,116,80.2,227101.8,1,1
09-10-2023,230599,77,82.4,227952.5,1,0
06-10-2023,230705,69,82.4,228617.5,1,0
05-10-2023,230457,107,82.9,229303.4,1,1
04-10-2023,221966,51,81.6,229237.5,0,0
03-10-2023,222038,69,83.5,229050,0,0
02-10-2023,224186,87,87.7,228899.1,0,0
29-09-2023,221984,94,84.4,228081.2,0,1
27-09-2023,217378,130,86.4,226374,0,1
26-09-2023,219840,46,84.6,224927.8,0,0
25-09-2023,217966,64,79.4,223711.9,0,0
22-09-2023,214965,58,77.5,222148.5,0,0
21-09-2023,215059,91,79.7,220583.9,0,1
20-09-2023,208063,51,74.1,218344.5,0,0
19-09-2023,207847,73,76.3,216932.6,0,0
18-09-2023,204411,48,74.2,215169.9,0,0
15-09-2023,203441,57,71.2,213095.4,0,0
14-09-2023,202451,78,69.6,211142.1,0,1
13-09-2023,206016,59,62.5,210005.9,0,0
12-09-2023,207774,105,68.4,208799.3,0,1
11-09-2023,205695,157,77.7,207572.2,0,1
08-09-2023,211259,60,77.9,207201.6,1,0
07-09-2023,210214,87,77.5,206717.1,1,1
06-09-2023,208790,79,80.3,206789.8,1,0
05-09-2023,208642,90,82,206869.3,1,1
04-09-2023,207561,62,83.4,207184.3,1,0
01-09-2023,208791,78,85.5,207719.3,1,0
30-08-2023,209007,101,87.8,208374.9,1,1
29-08-2023,204864,57,87.6,208259.7,0,0
28-08-2023,199274,66,83.7,207409.7,0,0
25-08-2023,200992,109,78.9,206939.4,0,1
24-08-2023,198424,105,83.4,205655.9,0,1
23-08-2023,196043,94,84.1,204238.8,0,1
22-08-2023,194779,89,85.1,202837.7,0,1
21-08-2023,193666,70,83.1,201340.1,0,0
18-08-2023,193505,100,86.9,199934.5,0,1
17-08-2023,193376,108,89.9,198393,0,1
16-08-2023,191412,46,84.4,196633.5,0,0
15-08-2023,192841,161,94.8,195431.2,0,1
14-08-2023,193526,74,95.6,194856.4,0,0
11-08-2023,198125,80,92.7,194569.7,1,0
10-08-2023,199858,86,90.8,194713.1,1,0
09-08-2023,196375,116,93,194746.3,1,1
08-08-2023,195259,104,94.5,194794.3,1,1
07-08-2023,196477,132,100.7,195075.4,1,1
04-08-2023,196390,79,98.6,195363.9,1,0
03-08-2023,199199,114,99.2,195946.2,1,1
02-08-2023,199942,91,103.7,196799.2,1,0
01-08-2023,201424,85,96.1,197657.5,1,0
31-07-2023,201070,82,96.9,198411.9,1,0
28-07-2023,198531,95,98.4,198452.5,1,0
27-07-2023,196322,68,96.6,198098.9,0,0
26-07-2023,195506,110,96,198012,0,1
25-07-2023,193733,120,97.6,197859.4,0,1
24-07-2023,193810,247,109.1,197592.7,0,1
21-07-2023,194120,74,108.6,197365.7,0,0
20-07-2023,194434,96,106.8,196889.2,0,0
18-07-2023,190504,86,106.3,195945.4,0,0
17-07-2023,189595,84,106.2,194762.5,0,0
14-07-2023,190758,123,110.3,193731.3,0,1
13-07-2023,189120,132,114,192790.2,0,1
12-07-2023,184232,56,112.8,191581.2,0,0
11-07-2023,185148,119,113.7,190545.4,0,1
10-07-2023,182834,143,116,189455.5,0,1
07-07-2023,181912,92,100.5,188265.7,0,0
06-07-2023,184731,60,99.1,187326.8,0,0
05-07-2023,182935,83,97.8,186176.9,0,0
04-07-2023,183959,118,101,185522.4,0,1
03-07-2023,183839,73,99.9,184946.8,0,0
30-06-2023,182483,52,92.8,184119.3,0,0
28-06-2023,180236,148,94.4,183230.9,0,1
27-06-2023,180696,83,97.1,182877.3,0,0
26-06-2023,180249,92,94.4,182387.4,0,0
23-06-2023,180428,163,96.4,182146.8,0,1
22-06-2023,180153,101,97.3,181970.9,0,1
21-06-2023,186684,180,109.3,182166.2,1,1
20-06-2023,192560,68,107.8,183128.7,1,0
19-06-2023,198854,88,104.8,184618.2,1,0
16-06-2023,203966,280,125.5,186630.9,1,1
15-06-2023,199663,103,130.6,188348.9,1,0
14-06-2023,200825,122,128,190407.8,1,0
13-06-2023,200725,124,132.1,192410.7,1,0
12-06-2023,201117,94,132.3,194497.5,1,0
09-06-2023,202198,133,129.3,196674.5,1,1
08-06-2023,204973,95,128.7,199156.5,1,0
07-06-2023,202668,88,119.5,200754.9,1,0
06-06-2023,200226,124,125.1,201521.5,0,0
02-06-2023,200482,125,128.8,201684.3,0,0
01-06-2023,201568,91,109.9,201444.5,1,0
31-05-2023,203361,203,119.9,201814.3,1,1
30-05-2023,199614,164,124.1,201693.2,0,1
29-05-2023,194795,75,119.2,201100.2,0,0
26-05-2023,196403,108,120.6,200628.8,0,0
25-05-2023,204646,132,120.5,200873.6,1,1
24-05-2023,202825,68,117.8,200658.8,1,0
23-05-2023,201300,103,119.3,200522,1,0
22-05-2023,200124,70,113.9,200511.8,0,0
19-05-2023,201387,119,113.3,200602.3,1,1
18-05-2023,198096,67,110.9,200255.1,0,0
17-05-2023,196321,95,100.1,199551.1,0,0
16-05-2023,191642,122,95.9,198753.9,0,1
15-05-2023,191064,157,104.1,198380.8,0,1
12-05-2023,190520,116,104.9,197792.5,0,1
11-05-2023,192780,150,106.7,196605.9,0,1
10-05-2023,196221,100,109.9,195945.5,1,0
09-05-2023,198148,167,116.3,195630.3,1,1
08-05-2023,203324,163,125.6,195950.3,1,1
05-05-2023,208213,130,126.7,196632.9,1,1
03-05-2023,205268,120,132,197350.1,1,0
02-05-2023,211332,88,131.3,198851.2,1,0
28-04-2023,211155,196,138.7,200802.5,1,1
27-04-2023,208432,150,138,202539.3,1,1
26-04-2023,204842,67,133.1,203971.5,1,0
25-04-2023,204938,96,127.7,205187.3,0,0
20-04-2023,206956,104,128.1,206260.8,1,0
19-04-2023,206400,99,121.3,207086,0,0
18-04-2023,206508,179,122.9,207404.4,0,1
17-04-2023,203128,85,118.4,206895.9,0,0
14-04-2023,204264,107,117.1,206795.5,0,0
13-04-2023,203415,131,121.4,206003.8,0,1
12-04-2023,201404,148,116.6,205028.7,0,1
11-04-2023,196328,106,112.2,203818.3,0,0
10-04-2023,196349,127,118.2,202969,0,1
07-04-2023,196321,86,117.2,202107.3,0,0
06-04-2023,193142,94,116.2,200725.9,0,0
05-04-2023,193266,101,116.4,199412.5,0,0
04-04-2023,191867,117,110.2,197948.4,0,1
03-04-2023,193660,89,110.6,197001.6,0,0
31-03-2023,191586,91,109,195733.8,0,0
30-03-2023,191616,121,108,194553.9,0,1
29-03-2023,192245,77,100.9,193638,0,0
28-03-2023,192213,128,103.1,193226.5,0,1
27-03-2023,191213,82,98.6,192712.9,0,0
24-03-2023,193764,150,105,192457.2,1,1
23-03-2023,195586,122,107.8,192701.6,1,1
22-03-2023,193860,177,115.4,192761,1,1
21-03-2023,189035,93,113,192477.8,0,0
20-03-2023,188161,138,117.9,191927.9,0,1
17-03-2023,180023,98,118.6,190771.6,0,0
16-03-2023,176360,67,113.2,189246,0,0
15-03-2023,171746,67,112.2,187196.1,0,0
14-03-2023,171434,97,109.1,185118.2,0,0
13-03-2023,169142,96,110.5,182911.1,0,0
10-03-2023,170198,156,111.1,180554.5,0,1
09-03-2023,171430,107,109.6,178138.9,0,0
08-03-2023,172296,109,102.8,175982.5,0,1
07-03-2023,171692,91,102.6,174248.2,0,0
06-03-2023,171788,64,95.2,172610.9,0,0
03-03-2023,169194,92,94.6,171528,0,0
02-03-2023,169369,238,111.7,170828.9,0,1
01-03-2023,165405,79,112.9,170194.8,0,0
28-02-2023,165551,99,113.1,169606.5,0,0
27-02-2023,165425,95,113,169234.8,0,0
24-02-2023,167171,77,105.1,168932.1,0,0
23-02-2023,166605,78,102.2,168449.6,0,0
22-02-2023,163364,85,99.8,167556.4,0,0
21-02-2023,160190,73,98,166406.2,0,0
20-02-2023,159005,65,98.1,165127.9,0,0
17-02-2023,159937,109,99.8,164202.2,0,1
16-02-2023,159276,166,92.6,163192.9,0,1
15-02-2023,156745,77,92.4,162326.9,0,0
14-02-2023,154697,72,89.7,161241.5,0,0
13-02-2023,154970,84,88.6,160196,0,0
10-02-2023,159313,136,94.5,159410.2,0,1
09-02-2023,156632,70,93.7,158412.9,0,0
08-02-2023,160570,122,97.4,158133.5,1,1
07-02-2023,165241,84,98.5,158638.6,1,0
03-02-2023,168241,139,105.9,159562.2,1,1
02-02-2023,172624,67,101.7,160830.9,1,0
31-01-2023,172190,166,101.7,162122.3,1,1
30-01-2023,170106,75,101.5,163458.4,1,0
27-01-2023,174782,137,108,165466.9,1,1
26-01-2023,176141,91,108.7,167584,1,0
25-01-2023,180818,138,108.9,169734.5,1,1
20-01-2023,179235,89,110.8,171994.8,1,0
19-01-2023,183750,68,105.4,174312.8,1,0
18-01-2023,187740,89,105.9,176562.7,1,0
17-01-2023,188433,98,101.8,178581.9,1,0
16-01-2023,190241,73,102.4,180343.6,1,0
13-01-2023,191732,95,95.3,182297.8,1,0
12-01-2023,193263,102,98,184613.5,1,1
11-01-2023,194922,111,95.4,186627.5,1,1
10-01-2023,197336,189,105.2,188747,1,1
09-01-2023,198402,145,105.9,190505.4,1,1
06-01-2023,199856,96,106.6,192567.5,1,0
05-01-2023,198939,120,111.8,194086.4,1,1
04-01-2023,201259,110,113.9,195438.3,1,0
03-01-2023,202351,134,117.5,196830.1,1,1
30-12-2022,200198,167,126.9,197825.8,1,1
29-12-2022,200064,102,127.6,198659,1,0
28-12-2022,200536,65,123.9,199386.3,1,0
27-12-2022,204102,117,124.5,200304.3,1,0
23-12-2022,207324,74,113,201303.1,1,0
22-12-2022,208492,137,112.2,202312.1,1,1
21-12-2022,208999,129,115.5,203226.4,1,1
20-12-2022,211516,148,118.3,204484.1,1,1
19-12-2022,210328,71,114.4,205391,1,0
16-12-2022,212841,135,114.5,206440,1,1
15-12-2022,212069,123,110.1,207627.1,1,1
14-12-2022,213059,110,110.9,208926.6,1,0
13-12-2022,215407,194,123.8,210413.7,1,1
12-12-2022,219040,154,127.5,211907.5,1,1
09-12-2022,214515,92,129.3,212626.6,1,0
08-12-2022,214832,181,133.7,213260.6,1,1
07-12-2022,218069,169,137.7,214167.6,1,1
06-12-2022,217977,246,147.5,214813.7,1,1
05-12-2022,211701,163,156.7,214951,0,1
02-12-2022,211607,243,167.5,214827.6,0,1
01-12-2022,299536,240,179.2,223574.3,1,1
30-11-2022,205286,92,177.4,222797,0,0
29-11-2022,206645,111,169.1,221920.8,0,0
25-11-2022,207880,134,167.1,220804.8,0,0
24-11-2022,207154,195,177.4,220068.7,0,1
23-11-2022,207904,140,173.3,219375.9,0,0
22-11-2022,204996,198,176.2,218068.6,0,1
21-11-2022,205062,133,164.9,216777.1,0,0
17-11-2022,209300,191,167.7,216537,0,1
16-11-2022,203736,106,154,215749.9,0,0
15-11-2022,205856,173,147.3,206381.9,0,1
14-11-2022,201910,187,156.8,206044.3,0,1
11-11-2022,199122,170,162.7,205292,0,1
10-11-2022,199553,189,168.2,204459.3,0,1
09-11-2022,200717,218,170.5,203815.6,0,1
08-11-2022,198981,108,167.3,202923.3,0,0
07-11-2022,197468,149,162.4,202170.5,0,0
04-11-2022,199305,203,169.4,201594.8,0,1
03-11-2022,202156,162,166.5,200880.4,1,0
02-11-2022,202406,201,176,200747.4,1,1
01-11-2022,203631,261,184.8,200524.9,1,1
31-10-2022,205368,178,183.9,200870.7,1,0
28-10-2022,202988,221,189,201257.3,1,1
27-10-2022,200248,125,182.6,201326.8,0,0
26-10-2022,201576,148,175.6,201412.7,1,0
25-10-2022,205878,183,183.1,202102.4,1,0
21-10-2022,204192,127,180.9,202774.8,1,0
20-10-2022,208325,146,175.2,203676.8,1,0
19-10-2022,211594,152,174.2,204620.6,1,0
18-10-2022,214537,197,173.8,205833.7,1,1
17-10-2022,210376,122,159.9,206508.2,1,0
14-10-2022,206691,295,171.6,206640.5,1,1
13-10-2022,206568,123,161.8,206998.5,0,0
12-10-2022,202342,90,158.3,207207.9,0,0
11-10-2022,203953,141,157.6,207445.6,0,0
07-10-2022,203332,155,154.8,207191,0,1
06-10-2022,204600,186,160.7,207231.8,0,1
05-10-2022,202179,194,165.5,206617.2,0,1
04-10-2022,202961,206,170.9,205753.9,0,1
03-10-2022,200912,145,165.7,204391.4,0,0
30-09-2022,200812,142,167.7,203435,0,0
29-09-2022,198344,166,154.8,202600.3,0,1
28-09-2022,198906,339,176.4,201834.1,0,1
27-09-2022,197940,152,182.6,201393.9,0,0
26-09-2022,202570,186,187.1,201255.6,1,0
23-09-2022,203306,130,184.6,201253,1,0
22-09-2022,202707,94,175.4,201063.7,1,0
21-09-2022,201855,265,182.5,201031.3,1,1
20-09-2022,203861,166,178.5,201121.3,1,0
19-09-2022,211377,218,185.8,202167.8,1,1
15-09-2022,206287,164,188,202715.3,1,0
14-09-2022,204066,126,184,203287.5,1,0
13-09-2022,201619,246,174.7,203558.8,0,1
12-09-2022,199412,122,171.7,203706,0,0
09-09-2022,200627,141,167.2,203511.7,0,0
08-09-2022,201000,268,181,203281.1,0,1
07-09-2022,200335,203,191.9,203043.9,0,1
06-09-2022,196882,195,184.9,202546.6,0,1
05-09-2022,193557,105,178.8,201516.2,0,0
02-09-2022,189745,173,174.3,199353,0,0
01-09-2022,188693,231,181,197593.6,0,1
30-08-2022,185767,111,179.5,195763.7,0,0
29-08-2022,182899,106,165.5,193891.7,0,0
26-08-2022,181420,150,168.3,192092.5,0,0
25-08-2022,181993,109,165.1,190229.1,0,0
24-08-2022,182524,297,168,188381.5,0,1
23-08-2022,181600,147,162.4,186508,0,0
22-08-2022,179587,145,157.4,184778.5,0,0
19-08-2022,183505,180,164.9,183773.3,0,1
18-08-2022,187713,170,164.6,183570.1,1,1
17-08-2022,186021,109,152.4,183302.9,1,0
16-08-2022,184923,228,164.1,183218.5,1,1
15-08-2022,186804,263,179.8,183609,1,1
12-08-2022,191133,240,188.8,184580.3,1,1
11-08-2022,192768,154,193.3,185657.8,1,0
10-08-2022,194457,166,180.2,186851.1,1,0
09-08-2022,194203,182,183.7,188111.4,1,0
08-08-2022,195646,141,183.3,189717.3,1,0
05-08-2022,195371,131,178.4,190903.9,1,0
04-08-2022,200513,250,186.4,192183.9,1,1
03-08-2022,200244,210,196.5,193606.2,1,1
02-08-2022,199106,231,196.8,195024.5,1,1
01-08-2022,199250,163,186.8,196269.1,1,0
29-07-2022,202170,350,197.8,197372.8,1,1
28-07-2022,204035,222,204.6,198499.5,1,1
27-07-2022,203952,211,209.1,199449,1,1
26-07-2022,204072,217,212.6,200435.9,1,1
25-07-2022,201430,163,214.8,201014.3,1,0
22-07-2022,200238,168,218.5,201501,0,0
21-07-2022,202630,279,221.4,201712.7,1,1
20-07-2022,202207,257,226.1,201909,1,1
19-07-2022,204725,282,231.2,202470.9,1,1
18-07-2022,202876,247,239.6,202833.5,1,1
15-07-2022,204268,230,227.6,203043.3,1,1
14-07-2022,209543,459,251.3,203594.1,1,1
13-07-2022,202267,342,264.4,203425.6,0,1
12-07-2022,198087,180,260.7,202827.1,0,0
08-07-2022,201953,263,270.7,202879.4,0,0
07-07-2022,203867,354,289.3,203242.3,1,1
06-07-2022,205616,446,306,203540.9,1,1
05-07-2022,206845,282,308.5,204004.7,1,0
04-07-2022,207412,402,320.5,204273.4,1,1
01-07-2022,207785,361,331.9,204764.3,1,1
30-06-2022,207670,165,325.4,205104.5,1,0
29-06-2022,205984,140,293.5,204748.6,1,0
28-06-2022,209915,273,286.6,205513.4,1,0
27-06-2022,212072,284,297,206911.9,1,0
24-06-2022,215808,429,313.6,208297.4,1,1
23-06-2022,219070,267,304.9,209817.7,1,0
22-06-2022,222015,527,313,211457.6,1,1
21-06-2022,216162,242,309,212389.3,1,0
20-06-2022,220205,313,300.1,213668.6,1,1
17-06-2022,225140,136,277.6,215404.1,1,0
16-06-2022,222744,232,284.3,216911.5,1,0
15-06-2022,229275,275,297.8,219240.6,1,0
14-06-2022,230317,129,283.4,221280.8,1,0
13-06-2022,226896,270,282,222763.2,1,0
10-06-2022,221157,377,276.8,223298.1,0,1
09-06-2022,217374,334,283.5,223128.5,0,1
08-06-2022,214015,208,251.6,222328.5,0,0
07-06-2022,209485,168,244.2,221660.8,0,0
03-06-2022,206406,264,239.3,220280.9,0,1
02-06-2022,206718,210,246.7,218438.7,0,0
01-06-2022,208801,169,240.4,217044.4,0,0
31-05-2022,208240,177,230.6,214940.9,0,0
30-05-2022,207660,172,234.9,212675.2,0,0
27-05-2022,207474,353,243.2,210733,0,1
26-05-2022,204553,300,235.5,209072.6,0,1
25-05-2022,203511,154,217.5,207686.3,0,0
24-05-2022,203208,333,230,206605.6,0,1
23-05-2022,204412,169,230.1,206098.3,0,0
20-05-2022,208974,400,243.7,206355.1,1,1
19-05-2022,205386,166,239.3,206221.9,0,0
18-05-2022,207786,106,233,206120.4,1,0
17-05-2022,205541,205,235.8,205850.5,0,0
13-05-2022,203624,150,233.6,205446.9,0,0
12-05-2022,206091,264,224.7,205308.6,1,1
11-05-2022,205537,298,224.5,205407,1,1
10-05-2022,206860,202,229.3,205741.9,1,0
09-05-2022,207064,149,210.9,206127.5,1,0
06-05-2022,209809,510,245,206667.2,1,1
05-05-2022,206078,175,222.5,206377.6,0,0
29-04-2022,206333,378,243.7,206472.3,0,1
28-04-2022,206699,418,274.9,206363.6,1,1
27-04-2022,208775,624,316.8,206687,1,1
26-04-2022,205932,273,329.1,206917.8,0,0
25-04-2022,205391,702,372.9,206847.8,0,1
22-04-2022,203392,191,362.2,206633.3,0,0
21-04-2022,200780,122,354.2,206025.3,0,0
20-04-2022,200818,256,364.9,205400.7,0,0
18-04-2022,195068,148,328.7,203926.6,0,0
15-04-2022,196990,264,337.6,203017.8,0,0
14-04-2022,198315,198,319.6,202216,0,0
13-04-2022,197391,187,296.5,201285.2,0,0
12-04-2022,195279,223,256.4,199935.6,0,0
11-04-2022,195016,234,252.5,198844,0,0
08-04-2022,192984,149,197.2,197603.3,0,0
07-04-2022,190932,193,197.4,196357.3,0,0
06-04-2022,189494,206,205.8,195228.7,0,1
05-04-2022,190272,235,203.7,194174.1,0,1
04-04-2022,191027,228,211.7,193770,0,1
01-04-2022,193769,333,218.6,193447.9,1,1
31-03-2022,189301,285,227.3,192546.5,0,1
30-03-2022,187049,152,223.8,191512.3,0,0
29-03-2022,187630,260,227.5,190747.4,0,1
28-03-2022,185979,148,218.9,189843.7,0,0
25-03-2022,186934,159,219.9,189238.7,0,0
24-03-2022,190519,422,242.8,189197.4,1,1
23-03-2022,193115,294,251.6,189559.5,1,1
22-03-2022,194267,259,254,189959,1,1
21-03-2022,192639,255,256.7,190120.2,1,0
18-03-2022,249414,478,271.2,195684.7,1,1
17-03-2022,191504,516,294.3,195905,0,1
16-03-2022,194135,379,317,196613.6,0,1
15-03-2022,195437,365,327.5,197394.3,0,1
14-03-2022,193588,508,363.5,198155.2,0,1
11-03-2022,187925,435,391.1,198254.3,0,1
10-03-2022,189513,311,380,198153.7,0,0
09-03-2022,184715,899,440.5,197313.7,0,1
08-03-2022,185029,320,446.6,196389.9,0,0
07-03-2022,183346,326,453.7,195460.6,0,0
04-03-2022,185350,699,475.8,189054.2,0,1
03-03-2022,181472,382,462.4,188051,0,0
02-03-2022,182188,755,500,186856.3,0,1
01-03-2022,187401,603,523.8,186052.7,1,1
28-02-2022,191305,260,499,185824.4,1,0
25-02-2022,305062,662,521.7,197538.1,1,1
24-02-2022,205376,475,538.1,199124.4,1,0
23-02-2022,205907,293,477.5,201243.6,1,0
22-02-2022,209570,232,468.7,203697.7,1,0
21-02-2022,206766,97,445.8,206039.7,1,0
18-02-2022,204340,99,385.8,207938.7,0,0
17-02-2022,207921,145,362.1,210583.6,0,0
16-02-2022,211099,189,305.5,213474.7,0,0
15-02-2022,212801,161,261.3,216014.7,0,0
14-02-2022,206341,81,243.4,217518.3,0,0
11-02-2022,206103,126,189.8,207622.4,0,0
10-02-2022,207735,117,154,207858.3,0,0
09-02-2022,212271,321,156.8,208494.7,1,1
08-02-2022,210042,230,156.6,208541.9,1,1
07-02-2022,204169,303,177.2,208282.2,0,1
04-02-2022,206000,137,181,208448.2,0,0
03-02-2022,207739,140,180.5,208430,0,0
31-01-2022,208522,114,173,208172.3,1,0
28-01-2022,213631,194,176.3,208255.3,1,1
27-01-2022,212145,171,185.3,208835.7,1,0
26-01-2022,214173,102,182.9,209642.7,1,0
25-01-2022,214162,84,179.6,210285.4,1,0
24-01-2022,216091,147,162.2,210667.4,1,0
21-01-2022,210443,146,153.8,210707.5,0,0
20-01-2022,209888,110,134.5,211279.4,0,0
19-01-2022,206787,89,129.7,211358.1,0,0
17-01-2022,201365,133,129,210720.7,0,1
14-01-2022,204491,106,128.2,210317.6,0,0
13-01-2022,204733,128,121.6,209427.8,0,1
12-01-2022,204638,87,113.2,208677.1,0,0
11-01-2022,203951,129,115.9,207654.9,0,1
10-01-2022,206569,154,122.9,206895.6,0,1
07-01-2022,209334,83,116.5,206219.9,1,0
06-01-2022,209806,129,114.8,206156.2,1,1
05-01-2022,212230,151,118.9,206390.4,1,1
04-01-2022,210777,123,122.3,206789.4,1,1
03-01-2022,209662,170,126,207619.1,1,1
31-12-2021,208681,74,122.8,208038.1,1,0
30-12-2021,209048,73,117.3,208469.6,1,0
29-12-2021,209825,118,120.4,208988.3,1,0
28-12-2021,210205,193,126.8,209613.7,1,1
27-12-2021,209473,76,119,209904.1,0,0
24-12-2021,210850,182,128.9,210055.7,1,1
23-12-2021,213409,69,122.9,210416,1,0
22-12-2021,210139,120,119.8,210206.9,0,1
21-12-2021,210109,114,118.9,210140.1,0,0
20-12-2021,208942,125,114.4,210068.1,0,1
17-12-2021,206588,143,121.3,209858.8,0,1
16-12-2021,206977,199,133.9,209651.7,0,1
15-12-2021,205961,305,152.6,209265.3,0,1
14-12-2021,199207,121,145.4,208165.5,0,0
13-12-2021,193310,123,150.1,206549.2,0,0
10-12-2021,191832,117,143.6,204647.4,0,0
09-12-2021,194751,152,151.9,202781.6,0,1
08-12-2021,191457,157,155.6,200913.4,0,1
07-12-2021,243715,185,162.7,204274,1,1
06-12-2021,191567,96,159.8,202536.5,0,0
02-12-2021,191567,110,156.5,201034.4,0,0
01-12-2021,193252,80,144.6,199661.9,0,0
30-11-2021,192561,168,130.9,198321.9,0,1
29-11-2021,192854,99,128.7,197686.6,0,0
26-11-2021,191257,107,127.1,197481.3,0,0
25-11-2021,197583,74,122.8,198056.4,0,0
24-11-2021,197945,86,116.2,198375.8,0,0
23-11-2021,199325,183,118.8,199162.6,1,1
22-11-2021,199106,71,107.4,194701.7,1,0
19-11-2021,201870,98,107.6,195732,1,0
18-11-2021,205887,151,111.7,197164,1,1
17-11-2021,209902,79,111.6,198829,1,0
16-11-2021,207696,78,102.6,200342.5,1,0
15-11-2021,231403,107,103.4,204197.4,1,1
12-11-2021,206586,86,101.3,205730.3,1,0
11-11-2021,206865,148,108.7,206658.5,1,1
10-11-2021,203782,128,112.9,207242.2,0,1
09-11-2021,200993,117,106.3,207409,0,1
08-11-2021,197829,149,114.1,207281.3,0,1
05-11-2021,194445,59,110.2,206538.8,0,0
03-11-2021,188578,176,112.7,204807.9,0,1
02-11-2021,188974,200,124.8,202715.1,0,1
01-11-2021,190000,158,132.8,200945.5,0,1
29-10-2021,190138,90,131.1,196819,0,0
28-10-2021,192949,114,133.9,195455.3,0,0
27-10-2021,193977,96,128.7,194166.5,0,0
26-10-2021,193151,131,129,193103.4,1,1
25-10-2021,192850,77,125,192289.1,1,0
22-10-2021,192849,119,122,191791.1,1,0
21-10-2021,190934,280,144.1,191440,0,1
20-10-2021,191564,136,140.1,191738.6,0,0
18-10-2021,195147,100,130.1,192355.9,1,0
15-10-2021,194163,123,126.6,192772.2,1,0
14-10-2021,194777,80,125.6,193236.1,1,0
13-10-2021,193922,286,142.8,193333.4,1,1
12-10-2021,192136,79,141.1,193149.3,0,0
11-10-2021,191359,74,135.4,192970.1,0,0
08-10-2021,193506,188,146.5,193035.7,1,1
07-10-2021,186063,57,140.3,192357.1,0,0
06-10-2021,185031,76,119.9,191766.8,0,0
05-10-2021,184840,191,125.4,191094.4,0,1
04-10-2021,182933,104,125.8,189873,0,0
01-10-2021,186248,85,122,189081.5,0,0
30-09-2021,190968,86,122.6,188700.6,1,0
29-09-2021,189939,104,104.4,188302.3,1,0
28-09-2021,189495,159,112.4,188038.2,1,1
27-09-2021,189692,133,118.3,187871.5,1,1
24-09-2021,189663,91,108.6,187487.2,1,0
23-09-2021,190318,140,116.9,187912.7,1,1
22-09-2021,188977,132,122.5,188307.3,1,1
21-09-2021,190161,72,110.6,188839.4,1,0
20-09-2021,189904,218,122,189536.5,1,1
17-09-2021,195664,145,128,190478.1,1,1
15-09-2021,193424,74,126.8,190723.7,1,0
14-09-2021,194971,93,125.7,191226.9,1,0
13-09-2021,196985,80,117.8,191975.9,1,0
10-09-2021,197645,166,121.1,192771.2,1,1
09-09-2021,193669,93,121.3,193171.8,1,0
08-09-2021,195410,127,120,193681,1,1
07-09-2021,193145,86,115.4,194097.8,0,0
06-09-2021,192164,85,116.7,194298.1,0,0
03-09-2021,192001,106,105.5,194507.8,0,1
02-09-2021,192060,116,102.6,194147.4,0,1
01-09-2021,193866,111,106.3,194191.6,0,1
30-08-2021,191708,139,110.9,193865.3,0,1
27-08-2021,196873,67,109.6,193854.1,1,0
26-08-2021,199414,94,102.4,194031,1,0
25-08-2021,202066,88,101.9,194870.7,1,0
24-08-2021,200848,71,96.3,195414.5,1,0
23-08-2021,199124,188,106.5,196012.4,1,1
20-08-2021,198375,105,108.5,196633.5,1,0
19-08-2021,201715,139,111.8,197604.9,1,1
18-08-2021,197036,75,107.7,198102.5,0,0
17-08-2021,195330,167,113.3,198248.9,0,1
16-08-2021,194645,94,108.8,198542.6,0,0
13-08-2021,192735,109,113,198128.8,0,0
12-08-2021,196575,100,113.6,197844.9,0,0
11-08-2021,201588,263,131.1,197797.1,1,1
09-08-2021,202858,135,137.5,197998.1,1,0
06-08-2021,199149,116,130.3,198000.6,1,0
05-08-2021,201531,132,133,198316.2,1,0
04-08-2021,199210,173,136.4,198065.7,1,1
03-08-2021,196480,84,137.3,198010.1,0,0
02-08-2021,194146,161,136.7,197891.7,0,1
30-07-2021,195097,132,140.5,197936.9,0,0
29-07-2021,199448,160,145.6,198608.2,1,1
28-07-2021,197606,140,149.6,198711.3,0,0
27-07-2021,197577,96,132.9,198310.2,0,0
26-07-2021,198228,199,139.3,197847.2,1,1
23-07-2021,195017,187,146.4,197434,0,1
22-07-2021,191371,71,140.3,196418,0,0
21-07-2021,188666,122,135.2,195363.6,0,0
19-07-2021,188094,59,132.7,194525,0,0
16-07-2021,188157,116,128.2,193926.1,0,0
15-07-2021,188811,209,135.9,193297.5,0,1
14-07-2021,190225,129,132.8,192375.2,0,0
13-07-2021,191515,109,129.7,191766.1,0,0
12-07-2021,191170,119,132,191125.4,1,0
09-07-2021,194606,129,125,190763.2,1,1
08-07-2021,190443,72,113.5,190305.8,1,0
07-07-2021,188547,127,119.1,190023.4,0,1
06-07-2021,184076,138,120.7,189564.4,0,1
05-07-2021,182144,148,129.6,188969.4,0,1
02-07-2021,184272,84,126.4,188580.9,0,0
01-07-2021,187383,60,111.5,188438.1,0,0
30-06-2021,193863,93,107.9,188801.9,1,0
29-06-2021,189184,109,107.9,188568.8,1,1
28-06-2021,186751,104,106.4,188126.9,0,0
25-06-2021,186310,84,101.9,187297.3,0,0
24-06-2021,184012,105,105.2,186654.2,0,0
23-06-2021,183260,127,105.2,186125.5,0,1
22-06-2021,180748,124,103.8,185792.7,0,1
21-06-2021,187644,105,99.5,186342.7,1,1
18-06-2021,191726,209,112,187088.1,1,1
17-06-2021,186562,129,118.9,187006,0,1
16-06-2021,183809,160,125.6,186000.6,0,1
15-06-2021,184287,198,134.5,185510.9,0,1
14-06-2021,184811,252,149.3,185316.9,0,1
11-06-2021,183609,169,157.8,185046.8,0,1
10-06-2021,186373,144,161.7,185282.9,1,0
09-06-2021,185315,206,169.6,185488.4,0,1
08-06-2021,179469,152,172.4,185360.5,0,0
04-06-2021,172078,102,172.1,183803.9,0,0
03-06-2021,175369,149,166.1,182168.2,0,0
02-06-2021,177082,167,169.9,181220.2,0,0
01-06-2021,177251,124,166.3,180564.4,0,0
31-05-2021,183934,140,160.5,180529.1,1,0
28-05-2021,183991,73,142.6,180447.1,1,0
27-05-2021,184964,129,138.6,180582.6,1,0
25-05-2021,185791,84,132.6,180524.4,1,0
24-05-2021,185972,123,124.3,180590.1,1,0
21-05-2021,190049,180,127.1,181648.1,1,1
20-05-2021,190863,211,138,183526.6,1,1
19-05-2021,194367,109,134,185426.4,1,0
18-05-2021,196163,168,134.1,187334.5,1,1
17-05-2021,197012,89,130.6,189310.6,1,0
12-05-2021,198372,59,122.5,190754.4,1,0
11-05-2021,202348,125,127.7,192590.1,1,0
10-05-2021,202976,117,126.5,194391.3,1,0
07-05-2021,205123,157,133.8,196324.5,1,1
06-05-2021,208436,111,132.6,198570.9,1,0
05-05-2021,209748,67,121.3,200540.8,1,0
04-05-2021,209069,124,112.6,202361.4,1,1
03-05-2021,209116,94,111.1,203836.3,1,0
30-04-2021,209793,131,107.4,205199.3,1,1
28-04-2021,208474,63,104.8,206345.5,1,0
27-04-2021,208731,166,115.5,207381.4,1,1
26-04-2021,207609,157,118.7,207907.5,0,1
23-04-2021,206968,163,123.3,208306.7,0,1
22-04-2021,207220,67,114.3,208516.4,0,0
21-04-2021,208633,106,113.8,208536.1,1,0
20-04-2021,205684,133,120.4,208129.7,0,1
19-04-2021,206236,60,114,207846.4,0,0
16-04-2021,207654,73,111.9,207700.2,0,0
15-04-2021,206954,56,104.4,207416.3,0,0
14-04-2021,208173,101,108.2,207386.2,1,0
13-04-2021,205995,103,101.9,207112.6,0,1
12-04-2021,210276,149,101.1,207379.3,1,1
09-04-2021,206974,118,96.6,207379.9,0,1
08-04-2021,201291,161,106,206787,0,1
07-04-2021,200276,71,102.5,205951.3,0,0
06-04-2021,201858,103,99.5,205568.7,0,1
05-04-2021,202694,95,103,205214.5,0,0
02-04-2021,201074,106,106.3,204556.5,0,0
01-04-2021,199591,113,112,203820.2,0,1
31-03-2021,196903,129,114.8,202693.2,0,1
30-03-2021,195929,155,120,201686.6,0,1
29-03-2021,192771,162,121.3,199936.1,0,1
26-03-2021,191348,97,119.2,198373.5,0,0
25-03-2021,187477,128,115.9,196992.1,0,1
24-03-2021,185707,104,119.2,195535.2,0,0
23-03-2021,185591,90,117.9,193908.5,0,0
22-03-2021,186568,134,121.8,192295.9,0,1
19-03-2021,189272,99,121.1,191115.7,0,0
18-03-2021,189970,122,122,190153.6,0,0
17-03-2021,192672,109,120,189730.5,1,0
16-03-2021,192198,168,121.3,189357.4,1,1
15-03-2021,193271,94,114.5,189407.4,1,0
12-03-2021,195674,88,113.6,189840,1,0
11-03-2021,194932,129,113.7,190585.5,1,1
10-03-2021,195375,149,118.2,191552.3,1,1
09-03-2021,193684,114,120.6,192361.6,1,0
08-03-2021,192479,100,117.2,192952.7,0,0
05-03-2021,190580,113,118.6,193083.5,0,0
04-03-2021,191931,78,114.2,193279.6,0,0
03-03-2021,193374,76,110.9,193349.8,1,0
02-03-2021,192719,61,100.2,193401.9,0,0
01-03-2021,194232,146,105.4,193498,1,1
26-02-2021,192056,59,102.5,193136.2,0,0
25-02-2021,193661,90,98.6,193009.1,1,0
24-02-2021,194215,136,97.3,192893.1,1,1
23-02-2021,195542,120,97.9,193078.9,1,1
22-02-2021,193998,85,96.4,193230.8,1,0
19-02-2021,192376,84,93.5,193410.4,0,0
18-02-2021,186778,139,99.6,192895.1,0,1
17-02-2021,188369,64,98.4,192394.6,0,0
16-02-2021,192152,86,100.9,192337.9,0,0
15-02-2021,195626,122,98.5,192477.3,1,1
11-02-2021,193081,50,97.6,192579.8,1,0
10-02-2021,195243,113,99.9,192738,1,1
09-02-2021,195945,108,97.1,192911,1,1
08-02-2021,193530,84,93.5,192709.8,1,0
05-02-2021,194107,85,93.5,192720.7,1,0
04-02-2021,195297,146,99.7,193012.8,1,1
03-02-2021,190642,117,97.5,193399.2,0,1
02-02-2021,187409,79,99,193303.2,0,0
29-01-2021,185010,130,103.4,192589,0,1
27-01-2021,183271,110,102.2,191353.5,0,1
26-01-2021,178713,96,106.8,189916.7,0,0
25-01-2021,172621,89,104.4,187654.5,0,0
22-01-2021,175255,84,102,185585.5,0,0
21-01-2021,175952,57,99.3,183827.7,0,0
20-01-2021,179386,120,102.8,182355.6,0,1
19-01-2021,178639,116,99.8,180689.8,0,1
18-01-2021,180878,113,99.4,179713.4,1,1
15-01-2021,177541,212,112.7,178726.6,0,1
14-01-2021,173502,164,116.1,177575.8,0,1
13-01-2021,168065,61,111.2,176055.2,0,0
12-01-2021,167156,106,112.2,174899.5,0,0
11-01-2021,167670,106,113.9,174404.4,0,0
08-01-2021,166160,55,111,173494.9,0,0
07-01-2021,165203,84,113.7,172420,0,0
06-01-2021,166724,114,113.1,171153.8,0,1
05-01-2021,166184,91,110.6,169908.3,0,0
04-01-2021,168252,75,106.8,168645.7,0,0
31-12-2020,165594,51,90.7,167451,0,0
30-12-2020,164223,52,79.5,166523.1,0,0
29-12-2020,162920,54,78.8,166008.6,0,0
28-12-2020,164554,73,75.5,165748.4,0,0
24-12-2020,164780,56,70.5,165459.4,0,0
23-12-2020,167964,150,80,165639.8,1,1
22-12-2020,173024,95,81.1,166421.9,1,1
21-12-2020,177110,55,75.2,167460.5,1,0
18-12-2020,177864,55,71.6,168628.5,1,0
17-12-2020,177211,96,73.7,169524.4,1,1
16-12-2020,180662,55,74.1,171031.2,1,0
15-12-2020,179326,47,73.6,172541.5,1,0
14-12-2020,180962,46,72.8,174345.7,1,0
11-12-2020,182240,59,71.4,176114.3,1,0
10-12-2020,184573,69,72.7,178093.6,1,0
09-12-2020,185133,48,62.5,179810.5,1,0
08-12-2020,187615,80,61,181269.6,1,1
07-12-2020,189502,88,64.3,182508.8,1,1
04-12-2020,187863,101,68.9,183508.7,1,1
03-12-2020,185166,115,70.8,184304.2,1,1
02-12-2020,183469,40,69.3,184584.9,0,0
01-12-2020,181195,86,73.2,184771.8,0,1
30-11-2020,181093,78,76.4,184784.9,0,1
27-11-2020,182345,140,84.5,184795.4,0,1
26-11-2020,181662,76,85.2,184504.3,0,0
25-11-2020,183041,57,86.1,184295.1,0,0
24-11-2020,183649,74,85.5,183898.5,0,0
23-11-2020,188784,150,91.7,183826.7,1,1
20-11-2020,193433,109,92.5,184383.7,1,1
19-11-2020,199067,101,91.1,185773.8,1,1
18-11-2020,203547,93,96.4,187781.6,1,0
17-11-2020,207848,73,95.1,190446.9,1,0
16-11-2020,207491,50,92.3,193086.7,1,0
13-11-2020,211222,76,85.9,195974.4,1,0
12-11-2020,210886,76,85.9,198896.8,1,0
11-11-2020,211346,68,87,201727.3,1,0
10-11-2020,212119,66,86.2,204574.3,1,0
09-11-2020,209381,80,79.2,206634,1,1
06-11-2020,209483,87,77,208239,1,1
05-11-2020,210837,105,77.4,209416,1,1
04-11-2020,207800,77,75.8,209841.3,0,1
03-11-2020,205291,72,75.7,209585.6,0,0
02-11-2020,204032,55,76.2,209239.7,0,0
30-10-2020,203730,125,81.1,208490.5,0,1
28-10-2020,203939,95,83,207795.8,0,1
27-10-2020,206169,66,82.8,207278.1,0,0
26-10-2020,203046,107,86.9,206370.8,0,1
23-10-2020,201705,79,86.8,205603.2,0,0
22-10-2020,198835,74,85.5,204538.4,0,0
21-10-2020,198343,58,80.8,203289,0,0
20-10-2020,202627,99,83,202771.7,0,1
19-10-2020,197751,79,83.7,202017.7,0,0
16-10-2020,196831,60,84.2,201297.6,0,0
15-10-2020,199742,88,80.5,200898.8,0,1
14-10-2020,197348,39,74.9,200239.7,0,0
13-10-2020,198064,63,74.6,199429.2,0,0
12-10-2020,196645,47,68.6,198789.1,0,0
09-10-2020,199921,56,66.3,198610.7,1,0
08-10-2020,200639,53,64.2,198791.1,1,0
07-10-2020,198287,89,67.3,198785.5,0,1
06-10-2020,198693,48,62.2,198392.1,1,0
05-10-2020,196778,56,59.9,198294.8,0,0
02-10-2020,198107,43,58.2,198422.4,0,0
01-10-2020,197501,70,56.4,198198.3,0,1
30-09-2020,198151,68,59.3,198278.6,0,1
29-09-2020,191582,75,60.5,197630.4,0,1
28-09-2020,191534,120,67.8,197119.3,0,1
25-09-2020,193966,120,74.2,196523.8,0,1
24-09-2020,195305,70,75.9,195990.4,0,0
23-09-2020,197170,79,74.9,195878.7,1,1
22-09-2020,196288,83,78.4,195638.2,1,1
21-09-2020,194361,98,82.6,195396.5,0,1
18-09-2020,193717,59,84.2,194957.5,0,0
17-09-2020,195747,38,81,194782.1,1,0
15-09-2020,198290,49,79.1,194796,1,0
14-09-2020,200626,43,75.9,195700.4,1,0
11-09-2020,197889,36,67.5,196335.9,1,0
10-09-2020,196993,49,60.4,196638.6,1,0
09-09-2020,191558,60,59.4,196263.9,0,1
08-09-2020,187051,47,56.2,195252,0,0
07-09-2020,188167,55,53.4,194439.9,0,1
04-09-2020,187181,62,49.8,193721.9,0,1
03-09-2020,186857,55,49.4,193035.9,0,1
02-09-2020,185503,78,53.4,192011.5,0,1
01-09-2020,188025,48,53.3,190985,0,0
28-08-2020,184790,34,52.4,189401.4,0,0
27-08-2020,182487,46,53.4,187861.2,0,0
26-08-2020,183197,36,52.1,186481.6,0,0
25-08-2020,184402,93,55.4,185766,0,1
24-08-2020,185615,50,55.7,185622.4,0,0
21-08-2020,188947,32,53.4,185700.4,1,0
19-08-2020,192575,59,53.1,186239.8,1,1
18-08-2020,194065,70,54.6,186960.6,1,1
17-08-2020,188707,32,50,187281,1,0
14-08-2020,188607,67,51.9,187339.2,1,1
13-08-2020,188477,77,56.2,187707.9,1,1
12-08-2020,188066,84,60,188265.8,0,1
11-08-2020,187597,112,67.6,188705.8,0,1
10-08-2020,185866,46,62.9,188852.2,0,0
07-08-2020,186809,58,63.7,188971.6,0,0
06-08-2020,185267,59,66.4,188603.6,0,0
05-08-2020,185347,62,66.7,187880.8,0,0
04-08-2020,182988,75,67.2,186773.1,0,1
03-08-2020,186823,45,68.5,186584.7,1,0
30-07-2020,185654,59,67.7,186289.4,0,0
29-07-2020,184622,44,64.4,185903.9,0,0
28-07-2020,188604,104,66.4,185957.7,1,1
27-07-2020,195413,111,66.3,186739.3,1,1
24-07-2020,195773,70,68.7,187730,1,1
23-07-2020,193040,80,70.9,188353.1,1,1
22-07-2020,191334,74,72.4,188959.8,1,1
21-07-2020,191410,65,72.7,189566.1,1,0
20-07-2020,194541,32,68.4,190721.4,1,0
17-07-2020,193961,61,70,191435.2,1,0
16-07-2020,194292,67,70.8,192299,1,0
15-07-2020,195569,52,71.6,193393.7,1,0
14-07-2020,197980,94,70.6,194331.3,1,1
13-07-2020,200898,64,65.9,194879.8,1,0
10-07-2020,201747,73,66.2,195477.2,1,1
09-07-2020,199937,34,61.6,196166.9,1,0
08-07-2020,196999,28,57,196733.4,1,0
07-07-2020,198035,53,55.8,197395.9,1,0
06-07-2020,197192,43,56.9,197661,0,0
03-07-2020,195482,59,56.7,197813.1,0,1
02-07-2020,198095,36,53.6,198193.4,0,0
01-07-2020,197008,44,52.8,198337.3,0,0
30-06-2020,196289,74,50.8,198168.2,0,1
29-06-2020,197899,45,48.9,197868.3,1,0
26-06-2020,198635,74,49,197557.1,1,1
25-06-2020,197291,31,48.7,197292.5,0,0
24-06-2020,193859,37,49.6,196978.5,0,0
23-06-2020,194966,48,49.1,196671.6,0,0
22-06-2020,194014,45,49.3,196353.8,0,0
19-06-2020,197153,84,51.8,196520.9,1,1
18-06-2020,194220,20,50.2,196133.4,0,0
17-06-2020,192873,47,50.5,195719.9,0,0
16-06-2020,191319,37,46.8,195222.9,0,0
15-06-2020,193097,90,51.3,194742.7,0,1
12-06-2020,193051,84,52.3,194184.3,0,1
11-06-2020,193983,49,54.1,193853.5,1,0
10-06-2020,196082,72,57.6,194075.8,1,1
09-06-2020,196534,91,61.9,194232.6,1,1
05-06-2020,193436,98,67.2,194174.8,0,1
04-06-2020,192656,69,65.7,193725.1,0,1
03-06-2020,200078,67,70.4,194310.9,1,0
02-06-2020,200953,77,73.4,195118.9,1,1
01-06-2020,202509,62,75.9,196237.9,1,0
29-05-2020,206847,55,72.4,197612.9,1,0
28-05-2020,208418,54,69.4,199149.6,1,0
27-05-2020,213996,98,74.3,201150.9,1,1
22-05-2020,212015,37,70.8,202744.2,1,0
21-05-2020,210765,52,66.9,204167.3,1,0
20-05-2020,211834,42,61.3,206007.1,1,0
19-05-2020,213190,49,59.3,208060.5,1,0
18-05-2020,219147,36,56.2,209967.4,1,0
15-05-2020,219137,50,53.5,211785.8,1,0
14-05-2020,219043,39,51.2,213439.2,1,0
13-05-2020,215866,59,51.6,214341.1,1,1
12-05-2020,215473,52,51.4,215046.6,1,1
08-05-2020,216524,56,47.2,215299.4,1,1
06-05-2020,216756,66,50.1,215773.5,1,1
05-05-2020,216048,40,48.9,216301.8,0,0
04-05-2020,214641,88,53.5,216582.5,0,1
30-04-2020,217411,40,52.6,217004.6,1,0
29-04-2020,215111,26,51.6,216601,0,0
28-04-2020,216604,42,50.8,216347.7,1,0
27-04-2020,215996,59,52.8,216043,0,1
24-04-2020,211001,49,51.8,215556.5,0,0
23-04-2020,208696,60,52.6,214878.8,0,1
22-04-2020,208098,74,54.4,214036.2,0,1
21-04-2020,210525,161,63.9,213413.1,0,1
20-04-2020,206497,44,64.3,212458,0,0
17-04-2020,210921,63,61.8,212086,0,1
16-04-2020,211353,69,64.7,211480.2,0,1
15-04-2020,208595,57,67.8,210828.6,0,0
14-04-2020,206759,47,68.3,209844.1,0,0
13-04-2020,204382,78,70.2,208682.7,0,1
10-04-2020,202947,73,72.6,207877.3,0,1
09-04-2020,202857,123,78.9,207293.4,0,1
08-04-2020,200053,50,76.5,206488.9,0,0
07-04-2020,204756,71,67.5,205912,0,1
06-04-2020,206566,58,68.9,205918.9,1,0
03-04-2020,210984,81,70.7,205925.2,1,1
02-04-2020,207723,70,70.8,205562.2,1,0
01-04-2020,208611,97,74.8,205563.8,1,1
31-03-2020,211873,86,78.7,206075.2,1,1
30-03-2020,209922,64,77.3,206629.2,1,0
27-03-2020,216021,57,75.7,207936.6,1,0
26-03-2020,216704,86,72,209321.3,1,1
25-03-2020,216083,97,76.7,210924.3,1,1
24-03-2020,212648,86,78.2,211713.5,1,1
23-03-2020,216636,98,82.2,212720.5,1,1
20-03-2020,227544,83,82.4,214376.5,1,1
19-03-2020,224614,85,83.9,216065.6,1,1
18-03-2020,226616,173,91.5,217866.1,1,1
17-03-2020,223885,156,98.5,219067.3,1,1
16-03-2020,227848,72,99.3,220859.9,1,0
13-03-2020,233818,151,108.7,222639.6,1,1
12-03-2020,233729,88,108.9,224342.1,1,0
11-03-2020,234546,64,105.6,226188.4,1,0
10-03-2020,239873,93,106.3,228910.9,1,0
09-03-2020,237763,168,113.3,231023.6,1,1
06-03-2020,240014,69,111.9,232270.6,1,0
05-03-2020,237035,117,115.1,233512.7,1,1
04-03-2020,243007,153,113.1,235151.8,1,1
03-03-2020,247742,79,105.4,237537.5,1,0
02-03-2020,246183,63,104.5,239371,1,0
28-02-2020,253856,142,103.6,241374.8,1,1
27-02-2020,254057,63,101.1,243407.6,1,0
26-02-2020,256059,89,103.6,245558.9,1,0
25-02-2020,254222,98,104.1,246993.8,1,0
24-02-2020,253340,74,94.7,248551.5,1,0
21-02-2020,253091,55,93.3,249859.2,1,0
20-02-2020,256024,76,89.2,251758.1,1,0
19-02-2020,254285,93,83.2,252885.9,1,1
18-02-2020,256098,38,79.1,253721.5,1,0
17-02-2020,251757,43,77.1,254278.9,0,0
14-02-2020,255068,61,69,254400.1,1,0
13-02-2020,253301,90,71.7,254324.5,0,1
12-02-2020,251420,83,71.1,253860.6,0,1
11-02-2020,247132,86,69.9,253151.6,0,1
10-02-2020,251783,90,71.5,252995.9,0,1
07-02-2020,251448,89,74.9,252831.6,0,1
06-02-2020,253579,101,77.4,252587.1,1,1
05-02-2020,259832,109,79,253141.8,1,1
04-02-2020,257838,71,82.3,253315.8,1,0
03-02-2020,256359,49,82.9,253776,1,0
31-01-2020,257874,50,81.8,254056.6,1,0
30-01-2020,260089,92,82,254735.4,1,1
29-01-2020,258981,157,89.4,255491.5,1,1
28-01-2020,252161,223,103.1,255994.4,0,1
24-01-2020,246757,77,101.8,255491.8,0,0
23-01-2020,246412,54,98.3,254988.2,0,0
22-01-2020,244527,122,100.4,254083,0,1
21-01-2020,242375,77,97.2,252337.3,0,0
20-01-2020,241123,61,96.2,250665.8,0,0
17-01-2020,243511,86,99.9,249381,0,0
16-01-2020,242624,49,99.8,247856,0,0
15-01-2020,246144,95,100.1,246461.5,0,0
14-01-2020,243686,71,91.5,244932,0,0
13-01-2020,239034,49,74.1,243619.3,0,0
10-01-2020,238265,62,72.6,242770.1,0,0
09-01-2020,234954,86,75.8,241624.3,0,1
08-01-2020,236640,35,67.1,240835.6,0,0
07-01-2020,235826,72,66.6,240180.7,0,1
06-01-2020,228875,96,70.1,238955.9,0,1
03-01-2020,225378,80,69.5,237142.6,0,1
02-01-2020,228217,101,74.7,235701.9,0,1
31-12-2019,228997,119,77.1,233987.2,0,1
30-12-2019,231216,88,78.8,232740.2,0,1
27-12-2019,232833,79,81.8,232120.1,1,0
26-12-2019,237873,78,83.4,232080.9,1,0
24-12-2019,236049,32,78,232190.4,1,0
23-12-2019,235231,25,77,232049.5,1,0
20-12-2019,236956,23,72.1,232162.5,1,0
19-12-2019,236913,66,69.1,232966.3,1,0
18-12-2019,239723,71,68.2,234400.8,1,1
17-12-2019,239691,49,63,235548.2,1,0
16-12-2019,241149,34,54.5,236763.4,1,0
13-12-2019,240548,78,53.5,237696.6,1,1
12-12-2019,236949,41,49.7,238108.2,0,0
11-12-2019,236073,60,47.9,237928.2,0,1
10-12-2019,235084,54,50.1,237831.7,0,1
09-12-2019,235633,52,52.8,237871.9,0,0
06-12-2019,234965,82,58.7,237672.8,0,1
05-12-2019,236163,48,56.9,237597.8,0,0
04-12-2019,236911,37,53.5,237316.6,0,0
03-12-2019,235958,72,55.8,236943.3,0,1
02-12-2019,230436,57,58.1,235872,0,0
29-11-2019,228969,74,57.7,234714.1,0,1
28-11-2019,238585,81,61.7,234877.7,1,1
27-11-2019,232027,43,60,234473.1,0,0
26-11-2019,229310,71,61.7,233895.7,0,1
25-11-2019,229949,33,59.8,233327.3,0,0
22-11-2019,229396,105,62.1,232770.4,0,1
21-11-2019,224146,53,62.6,231568.7,0,0
20-11-2019,218247,43,63.2,229702.3,0,0
19-11-2019,213754,32,59.2,227481.9,0,0
18-11-2019,214959,49,58.4,225934.2,0,0
15-11-2019,214865,36,54.6,224523.8,0,0
14-11-2019,216319,81,54.6,222297.2,0,1
13-11-2019,212117,73,57.6,220306.2,0,1
12-11-2019,211482,59,56.4,218523.4,0,1
11-11-2019,210236,95,62.6,216552.1,0,1
08-11-2019,209437,73,59.4,214556.2,0,1
07-11-2019,202096,60,60.1,212351.2,0,0
06-11-2019,204476,61,61.9,210974.1,0,0
05-11-2019,204358,82,66.9,210034.5,0,1
04-11-2019,204154,78,69.8,208954,0,1
01-11-2019,203341,51,71.3,207801.6,0,0
31-10-2019,206514,44,67.6,206821.1,0,0
30-10-2019,220552,54,65.7,207664.6,1,0
29-10-2019,212030,44,64.2,207719.4,1,0
25-10-2019,211314,83,63,207827.2,1,1
24-10-2019,209247,80,63.7,207808.2,1,1
23-10-2019,207216,38,61.5,208320.2,0,0
22-10-2019,205843,58,61.2,208456.9,0,0
21-10-2019,202665,28,55.8,208287.6,0,0
18-10-2019,201280,42,52.2,208000.2,0,0
17-10-2019,195852,26,49.7,207251.3,0,0
16-10-2019,198121,24,47.7,206412,0,0
15-10-2019,196614,34,45.7,204018.2,0,0
14-10-2019,195103,27,44,202325.5,0,0
11-10-2019,192976,39,39.6,200491.7,0,0
10-10-2019,190691,26,34.2,198636.1,0,0
09-10-2019,190289,18,32.2,196943.4,0,0
08-10-2019,191683,19,28.3,195527.4,0,0
07-10-2019,192571,17,27.2,194518,0,0
04-10-2019,220351,24,25.4,196425.1,1,0
03-10-2019,191686,28,25.6,196008.5,0,1
02-10-2019,194125,34,26.6,195608.9,0,1
01-10-2019,192732,41,27.3,195220.7,0,1
30-09-2019,190890,28,27.4,194799.4,0,1
27-09-2019,226743,22,25.7,198176.1,1,0
26-09-2019,194235,38,26.9,198530.5,0,1
25-09-2019,203874,24,27.5,199889,1,0
24-09-2019,199834,49,30.5,200704.1,0,1
23-09-2019,195271,34,32.2,200974.1,0,1
20-09-2019,194767,24,32.2,198415.7,0,0
19-09-2019,192870,32,32.6,198534.1,0,0
18-09-2019,192587,21,31.3,198380.3,0,0
17-09-2019,192853,18,29,198392.4,0,0
13-09-2019,193317,34,29.6,198635.1,0,1
12-09-2019,188522,36,31,194813,0,1
11-09-2019,184113,37,30.9,193800.8,0,1
10-09-2019,183486,47,33.2,191762,0,1
06-09-2019,175172,53,33.6,189295.8,0,1
05-09-2019,171617,34,33.6,186930.4,0,1
04-09-2019,171165,36,34.8,184570.2,0,1
03-09-2019,170898,75,39.1,182373,0,1
30-08-2019,170434,45,41.5,180157.7,0,1
29-08-2019,168895,42,43.9,177761.9,0,0
28-08-2019,169423,39,44.4,175372.5,0,0
27-08-2019,168223,31,43.9,173342.6,0,0
26-08-2019,168772,46,44.8,171808.5,0,1
23-08-2019,170078,36,43.7,170467.7,0,0
22-08-2019,168965,54,43.8,169847,0,1
21-08-2019,169124,50,45.4,169597.7,0,1
20-08-2019,167706,42,46,169251.8,0,0
19-08-2019,167382,36,42.1,168900.2,0,0
16-08-2019,171396,42,41.8,168996.4,1,1
15-08-2019,177384,47,42.3,169845.3,1,1
14-08-2019,183035,40,42.4,171206.5,1,0
13-08-2019,185203,29,42.2,172904.5,1,0
09-08-2019,184428,36,41.2,174470.1,1,0
08-08-2019,191751,40,41.6,176637.4,1,0
07-08-2019,195579,18,38,179298.8,1,0
06-08-2019,200119,27,35.7,182398.3,1,0
05-08-2019,202418,17,33.2,185869.5,1,0
02-08-2019,204360,11,30.7,189567.3,1,0
01-08-2019,208403,19,28.4,193268,1,0
31-07-2019,214610,19,25.6,196990.6,1,0
29-07-2019,217689,23,23.9,200456,1,0
26-07-2019,219223,32,24.2,203858,1,1
25-07-2019,222238,40,24.6,207639,1,1
24-07-2019,222590,21,22.7,210722.9,1,0
23-07-2019,226500,30,23.9,213815,1,1
22-07-2019,230427,14,22.6,216845.8,1,0
19-07-2019,233710,19,22.8,219975,1,0
18-07-2019,229877,19,23.6,222526.7,1,0
17-07-2019,230522,27,24.4,224738.6,1,1
16-07-2019,235817,16,24.1,226859.3,1,0
15-07-2019,235348,27,24.5,228625.2,1,1
12-07-2019,232928,26,23.9,229995.7,1,1
11-07-2019,230453,26,22.5,230817.2,0,1
10-07-2019,227443,40,24.4,231302.5,0,1
09-07-2019,224315,27,24.1,231084,0,1
08-07-2019,223577,24,25.1,230399,0,0
05-07-2019,268125,39,27.1,233840.5,1,1
04-07-2019,220963,18,27,232949.1,0,0
03-07-2019,220612,21,26.4,231958.1,0,0
02-07-2019,221974,33,28.1,230573.8,0,1
01-07-2019,222299,26,28,229268.9,0,0
28-06-2019,220975,20,27.4,228073.6,0,0
27-06-2019,222072,25,27.3,227235.5,0,0
26-06-2019,221290,27,26,226620.2,0,1
25-06-2019,220833,38,27.1,226272,0,1
24-06-2019,218331,17,26.4,225747.4,0,0
21-06-2019,219081,19,24.4,220843,0,0
20-06-2019,222372,25,25.1,220983.9,1,0
19-06-2019,223185,42,27.2,221241.2,1,1
18-06-2019,224065,43,28.2,221450.3,1,1
17-06-2019,222576,36,29.2,221478,1,1
14-06-2019,224527,24,29.6,221833.2,1,0
13-06-2019,222349,38,30.9,221860.9,1,1
12-06-2019,220412,51,33.3,221773.1,0,1
11-06-2019,217737,24,31.9,221463.5,0,0
10-06-2019,222688,40,34.2,221899.2,1,1
07-06-2019,245797,52,37.5,224570.8,1,1
04-06-2019,218141,29,37.9,224147.7,0,0
03-06-2019,222004,29,36.6,224029.6,0,0
31-05-2019,222235,28,35.1,223846.6,0,0
30-05-2019,221127,25,34,223701.7,0,0
29-05-2019,223886,33,34.9,223637.6,1,0
28-05-2019,225306,40,35.1,223933.3,1,1
27-05-2019,227016,24,32.4,224593.7,1,0
24-05-2019,228312,25,32.5,225651.2,1,0
23-05-2019,234092,28,31.3,226791.6,1,0
21-05-2019,232651,64,32.5,225477,1,1
17-05-2019,223154,34,33,225978.3,0,1
16-05-2019,223765,56,35.7,226154.4,0,1
15-05-2019,222607,29,35.8,226191.6,0,0
14-05-2019,226997,36,36.9,226778.6,1,0
13-05-2019,222099,26,36.2,226599.9,0,0
10-05-2019,225166,38,36,226585.9,0,1
09-05-2019,224470,38,37.4,226331.3,0,1
08-05-2019,224452,46,39.5,225945.3,0,1
07-05-2019,225673,42,40.9,225103.4,1,1
06-05-2019,229759,26,37.1,224814.2,1,0
03-05-2019,234106,40,37.7,225909.4,1,1
02-05-2019,236683,74,39.5,227201.2,1,1
30-04-2019,272790,32,39.8,232219.5,1,0
29-04-2019,229684,22,38.4,232488.2,0,0
26-04-2019,230998,33,39.1,233378.1,0,0
25-04-2019,226838,23,37.6,233545.3,0,0
24-04-2019,227024,35,37.3,233800.7,0,0
23-04-2019,229116,22,34.9,234267.1,0,0
22-04-2019,228041,40,34.7,234503.9,0,1
19-04-2019,225573,26,34.7,234085.3,0,0
18-04-2019,226905,36,34.3,233365.2,0,1
17-04-2019,227110,39,30.8,232407.9,0,1
16-04-2019,226157,45,32.1,227744.6,0,1
15-04-2019,227714,32,33.1,227547.6,1,0
12-04-2019,225369,27,32.5,226984.7,0,0
11-04-2019,225562,32,33.4,226857.1,0,0
10-04-2019,228536,64,36.3,227008.3,1,1
09-04-2019,226413,22,36.3,226738,0,0
08-04-2019,225940,29,35.2,226527.9,0,0
05-04-2019,223611,36,36.2,226331.7,0,0
04-04-2019,225549,50,37.6,226196.1,0,1
03-04-2019,227565,18,35.5,226241.6,1,0
02-04-2019,241450,30,34,227770.9,1,0
01-04-2019,248091,23,33.1,229808.6,1,0
29-03-2019,246407,17,32.1,231912.4,1,0
28-03-2019,245611,25,31.4,233917.3,1,0
27-03-2019,247388,32,28.2,235802.5,1,1
26-03-2019,250161,27,28.7,238177.3,1,0
25-03-2019,244143,23,28.1,239997.6,1,0
22-03-2019,241292,23,26.8,241765.7,0,0
21-03-2019,240567,30,24.8,243267.5,0,1
20-03-2019,246043,53,28.3,245115.3,1,1
19-03-2019,250503,53,30.6,246020.6,1,1
18-03-2019,246621,21,30.4,245873.6,1,0
15-03-2019,249817,50,33.7,246214.6,1,1
14-03-2019,239697,39,35.1,245623.2,0,1
13-03-2019,231693,51,37,244053.7,0,1
12-03-2019,224023,26,36.9,241439.9,0,0
11-03-2019,219464,36,38.2,238972,0,0
08-03-2019,217466,42,40.1,236589.4,0,1
07-03-2019,211818,28,39.9,233714.5,0,0
06-03-2019,213517,35,38.1,230461.9,0,0
05-03-2019,209763,35,36.3,226387.9,0,0
04-03-2019,209737,69,41.1,222699.5,0,1
01-03-2019,209406,71,43.2,218658.4,0,1
28-02-2019,211630,47,44,215851.7,0,1
27-02-2019,209599,79,46.8,213642.3,0,1
26-02-2019,208782,42,48.4,212118.2,0,0
25-02-2019,206743,66,51.4,210846.1,0,1
22-02-2019,205283,28,50,209627.8,0,0
21-02-2019,203608,32,50.4,208806.8,0,0
20-02-2019,200828,32,50.1,207537.9,0,0
19-02-2019,199790,55,52.1,206540.6,0,1
18-02-2019,198870,20,47.2,205453.9,0,0
15-02-2019,199647,25,42.6,204478,0,0
14-02-2019,196536,37,41.6,202968.6,0,0
13-02-2019,193115,24,36.1,201320.2,0,0
12-02-2019,193121,21,34,199754.1,0,0
11-02-2019,189386,26,30,198018.4,0,0
08-02-2019,187380,23,29.5,196228.1,0,0
07-02-2019,186363,27,29,194503.6,0,0
04-02-2019,187482,30,28.8,193169,0,1
31-01-2019,188800,17,25,192070,0,0
30-01-2019,190850,40,27,191268,0,1
29-01-2019,192134,37,28.2,190516.7,1,1
28-01-2019,191452,18,26.3,190008.3,1,0
25-01-2019,191304,19,25.8,189827.2,1,0
24-01-2019,192791,22,25.9,189794.2,1,0
23-01-2019,194663,38,27.1,190321.9,1,1
22-01-2019,201931,25,27.3,191777,1,0
18-01-2019,204873,20,26.6,193628,1,0
17-01-2019,205394,35,27.1,195419.2,1,1
16-01-2019,205124,13,26.7,197051.6,1,0
15-01-2019,204059,23,25,198372.5,1,0
14-01-2019,205475,49,26.2,199706.6,1,1
11-01-2019,202452,28,27.2,200806.6,1,1
10-01-2019,202011,38,29.1,201877.3,1,1
09-01-2019,203948,29,29.8,202993,1,0
08-01-2019,205219,46,30.6,204048.6,1,1
07-01-2019,236387,26,30.7,207494.2,1,0
04-01-2019,212345,34,32.1,208241.4,1,1
03-01-2019,211810,31,31.7,208883,1,0
02-01-2019,211049,39,34.3,209475.5,1,1
31-12-2018,213519,22,34.2,210421.5,1,0
28-12-2018,215902,24,31.7,211464.2,1,0
27-12-2018,222025,29,31.8,213421.5,1,0
26-12-2018,225650,27,30.7,215785.4,1,0
24-12-2018,224022,32,31,217792.8,1,1
21-12-2018,228396,28,29.2,220110.5,1,0
20-12-2018,231864,33,29.9,219658.2,1,1
19-12-2018,235785,55,32,222002.2,1,1
18-12-2018,244703,52,34.1,225291.5,1,1
17-12-2018,250239,43,34.5,229210.5,1,1
14-12-2018,248802,43,36.6,232738.8,1,1
13-12-2018,249534,44,38.6,236102,1,1
12-12-2018,248980,22,37.9,238797.5,1,0
11-12-2018,248595,25,37.7,241092,1,0
10-12-2018,245834,64,40.9,243273.2,1,1
07-12-2018,247380,21,40.2,245171.6,1,0
06-12-2018,247616,35,40.4,246746.8,1,0
05-12-2018,245169,25,37.4,247685.2,0,0
04-12-2018,245329,40,36.2,247747.8,0,1
03-12-2018,244022,76,39.5,247126.1,0,1
30-11-2018,240091,26,37.8,246255,0,0
29-11-2018,240897,40,37.4,245391.3,0,1
28-11-2018,239594,51,40.3,244452.7,0,1
27-11-2018,240509,37,41.5,243644.1,0,0
26-11-2018,248213,90,44.1,243882,1,1
23-11-2018,248171,26,44.6,243961.1,1,0
22-11-2018,246279,79,49,243827.4,1,1
21-11-2018,247260,68,53.3,244036.5,1,1
19-11-2018,246557,25,51.8,244159.3,1,0
16-11-2018,244912,97,53.9,244248.3,1,1
15-11-2018,248116,27,54,245050.8,1,0
14-11-2018,250847,23,52.3,246045.8,1,0
13-11-2018,248222,30,50.2,246908.6,1,0
12-11-2018,248408,45,51,247698.5,1,0
09-11-2018,249285,38,45.8,247805.7,1,0
08-11-2018,247567,39,47.1,247745.3,0,0
07-11-2018,245862,24,41.6,247703.6,0,0
05-11-2018,246555,27,37.5,247633.1,0,0
02-11-2018,248095,47,39.7,247786.9,1,1
01-11-2018,249599,26,32.6,248255.6,1,0
31-10-2018,252916,24,32.3,248735.6,1,0
30-10-2018,251992,25,32.5,248850.1,1,0
29-10-2018,253923,43,33.8,249420.2,1,1
26-10-2018,255036,41,33.4,250083,1,1
25-10-2018,256750,20,31.6,250829.5,1,0
24-10-2018,256818,18,29.5,251754.6,1,0
23-10-2018,256019,32,30.3,252770.3,1,1
22-10-2018,255885,17,29.3,253703.3,1,0
19-10-2018,258205,16,26.2,254714.3,1,0
18-10-2018,259253,24,26,255679.7,1,0
17-10-2018,257592,20,25.6,256147.3,1,0
16-10-2018,258972,20,25.1,256845.3,1,0
15-10-2018,264713,32,24,257924.3,1,1
12-10-2018,265574,22,22.1,258978.1,1,0
11-10-2018,266448,24,22.5,259947.9,1,1
10-10-2018,267664,36,24.3,261032.5,1,1
09-10-2018,262458,20,23.1,261676.4,1,0
08-10-2018,290907,31,24.5,265178.6,1,1
05-10-2018,264383,20,24.9,265796.4,0,0
04-10-2018,267883,31,25.6,266659.4,1,1
03-10-2018,267605,30,26.6,267660.7,0,1
02-10-2018,273643,25,27.1,269127.8,1,0
01-10-2018,274071,31,27,270063.6,1,1
28-09-2018,272592,34,28.2,270765.4,1,1
27-09-2018,268059,34,29.2,270926.5,0,1
26-09-2018,267175,17,27.3,270877.6,0,0
25-09-2018,266571,38,29.1,271288.9,0,1
24-09-2018,266849,24,28.4,268883.1,0,0
21-09-2018,267169,23,28.7,269161.7,0,0
20-09-2018,266215,35,29.1,268994.9,0,1
19-09-2018,269104,35,29.6,269144.8,0,1
18-09-2018,265960,32,30.3,268376.5,0,1
14-09-2018,303640,21,29.3,271333.4,1,0
13-09-2018,278156,11,27,271889.8,1,0
12-09-2018,286015,32,26.8,273685.4,1,1
07-09-2018,282789,16,26.7,275246.8,1,0
06-09-2018,282365,18,24.7,276826.2,1,0
05-09-2018,294358,25,24.8,279577.1,1,1
04-09-2018,297689,31,25.6,282629.1,1,1
03-09-2018,264944,25,24.6,282502,0,1
30-08-2018,300104,34,24.5,285602,1,1
29-08-2018,263645,20,23.3,285370.5,0,0
28-08-2018,263066,28,24,281313.1,0,1
27-08-2018,259699,20,24.9,279467.4,0,0
24-08-2018,256509,17,23.4,276516.8,0,0
23-08-2018,254355,21,23.9,273673.4,0,0
21-08-2018,250201,24,24.5,270457,0,0
20-08-2018,247626,16,23.6,265783.8,0,0
17-08-2018,246365,17,22.2,260651.4,0,0
16-08-2018,244388,26,22.3,258595.8,0,1
15-08-2018,247501,25,21.4,253335.5,0,1
14-08-2018,248142,22,21.6,251785.2,0,1
13-08-2018,249774,27,21.5,250456,0,1
10-08-2018,248670,35,23,249353.1,0,1
09-08-2018,251990,16,22.9,248901.2,1,0
08-08-2018,256413,46,25.4,249107,1,1
07-08-2018,264986,38,26.8,250585.5,1,1
06-08-2018,266854,22,27.4,252508.3,1,0
03-08-2018,267649,19,27.6,254636.7,1,0
02-08-2018,269860,44,29.4,257183.9,1,1
01-08-2018,266633,29,29.8,259097.1,1,0
31-07-2018,264303,28,30.4,260713.2,1,0
30-07-2018,262318,18,29.5,261967.6,1,0
27-07-2018,257930,27,28.7,262893.6,0,0
26-07-2018,258356,26,29.7,263530.2,0,0
25-07-2018,262294,36,28.7,264118.3,0,1
24-07-2018,263345,25,27.4,263954.2,0,0
23-07-2018,262377,41,29.3,263506.5,0,1
20-07-2018,264839,28,30.2,263225.5,1,0
19-07-2018,261520,35,29.3,262391.5,0,1
18-07-2018,260167,40,30.4,261744.9,0,1
17-07-2018,263287,18,29.4,261643.3,1,0
16-07-2018,265310,32,30.8,261942.5,1,1
13-07-2018,262737,43,32.4,262423.2,1,1
12-07-2018,258565,35,33.3,262444.1,0,1
11-07-2018,257353,47,34.4,261950,0,1
10-07-2018,254764,38,35.7,261091.9,0,1
09-07-2018,250815,22,33.8,259935.7,0,0
06-07-2018,251711,33,34.3,258622.9,0,0
05-07-2018,250415,32,34,257512.4,0,0
04-07-2018,250098,24,32.4,256505.5,0,0
03-07-2018,251928,34,34,255369.6,0,0
02-07-2018,251035,26,33.4,253942.1,0,0
29-06-2018,250973,32,32.3,252765.7,0,0
28-06-2018,253408,39,32.7,252250,1,1
27-06-2018,252695,48,32.8,251784.2,1,1
26-06-2018,255884,19,30.9,251896.2,1,0
25-06-2018,255986,38,32.5,252413.3,1,1
22-06-2018,255715,39,33.1,252813.7,1,1
21-06-2018,254043,38,33.7,253176.5,1,1
20-06-2018,251053,28,34.1,253272,0,0
19-06-2018,250700,68,37.5,253149.2,0,1
18-06-2018,254381,20,36.9,253483.8,1,0
14-06-2018,251149,23,36,253501.4,0,0
13-06-2018,252531,22,34.3,253413.7,0,0
12-06-2018,252226,43,33.8,253366.8,0,1
11-06-2018,247966,22,34.1,252575,0,0
08-06-2018,247136,22,32.5,251690,0,0
07-06-2018,240104,24,31,250128.9,0,0
06-06-2018,237914,21,29.3,248516,0,0
05-06-2018,238098,28,29.3,247220.5,0,0
04-06-2018,237865,50,27.5,245937,0,1
01-06-2018,236845,40,29.5,244183.4,0,1
31-05-2018,238428,31,30.3,242911.3,0,1
30-05-2018,237078,49,33,241366,0,1
28-05-2018,235926,24,31.1,239736,0,0
25-05-2018,236918,35,32.4,238631.2,0,1
24-05-2018,276961,15,31.7,241613.7,1,0
23-05-2018,238430,20,31.3,241446.3,0,0
22-05-2018,238326,34,32.6,241487.5,0,1
21-05-2018,239020,48,34.6,241579.7,0,1
18-05-2018,237208,15,31.1,241514,0,0
17-05-2018,238351,36,30.7,241664.6,0,1
16-05-2018,236735,21,29.7,241495.3,0,0
15-05-2018,237217,30,27.8,241509.2,0,1
14-05-2018,236622,46,30,241578.8,0,1
08-05-2018,234890,21,28.6,241376,0,0
07-05-2018,237704,33,30.4,237450.3,1,1
04-05-2018,236410,24,30.8,237248.3,0,0
03-05-2018,235768,46,32,236992.5,0,1
02-05-2018,231288,23,29.5,236219.3,0,0
30-04-2018,232142,26,30.6,235712.7,0,0
27-04-2018,232300,14,28.4,235107.6,0,0
26-04-2018,232316,13,27.6,234665.7,0,0
25-04-2018,235111,17,26.3,234455.1,1,0
24-04-2018,235462,14,23.1,234339.1,1,0
23-04-2018,253225,15,22.5,236172.6,1,0
20-04-2018,234377,29,22.1,235839.9,0,1
19-04-2018,234696,29,22.6,235668.5,0,1
18-04-2018,233198,30,21,235411.5,0,1
17-04-2018,232597,80,26.7,235542.4,0,1
16-04-2018,233823,41,28.2,235710.5,0,1
13-04-2018,228647,34,30.2,235345.2,0,1
12-04-2018,227799,25,31.4,234893.5,0,0
11-04-2018,230228,18,31.5,234405.2,0,0
10-04-2018,229158,48,34.9,233774.8,0,1
09-04-2018,225216,36,37,230973.9,0,0
06-04-2018,229151,51,39.2,230451.3,0,1
05-04-2018,226242,23,38.6,229605.9,0,0
04-04-2018,229326,80,43.6,229218.7,1,1
03-04-2018,228487,30,38.6,228807.7,0,0
02-04-2018,225862,27,37.2,228011.6,0,0
30-03-2018,225941,14,35.2,227741,0,0
29-03-2018,229082,16,34.3,227869.3,1,0
28-03-2018,228030,10,33.5,227649.5,1,0
27-03-2018,230894,25,31.2,227823.1,1,0
26-03-2018,228075,24,30,228109,0,0
23-03-2018,227263,25,27.4,227920.2,0,0
22-03-2018,219810,26,27.7,227277,0,0
21-03-2018,219234,30,22.7,226267.8,0,1
20-03-2018,221118,38,23.5,225530.9,0,1
19-03-2018,229221,21,22.9,225866.8,1,0
16-03-2018,235534,41,25.6,226826.1,1,1
15-03-2018,235874,32,27.2,227505.3,1,1
14-03-2018,240333,32,29.4,228735.6,1,1
13-03-2018,236775,43,31.2,229323.7,1,1
12-03-2018,234123,46,33.4,229928.5,1,1
09-03-2018,235947,40,34.9,230796.9,1,1
08-03-2018,232991,27,35,232115,1,0
07-03-2018,231131,41,36.1,233304.7,0,1
06-03-2018,228225,39,36.2,234015.4,0,1
05-03-2018,225922,23,36.4,233685.5,0,0
02-03-2018,225962,63,38.6,232728.3,0,1
01-03-2018,219710,22,37.6,231111.9,0,0
28-02-2018,216373,31,37.5,228715.9,0,0
27-02-2018,217603,23,35.5,226798.7,0,0
26-02-2018,219316,24,33.3,225318,0,0
23-02-2018,220512,36,32.9,223774.5,0,1
22-02-2018,222007,28,33,222676.1,0,0
21-02-2018,223125,25,31.4,221875.5,1,0
20-02-2018,226940,39,31.4,221747,1,1
19-02-2018,230754,33,32.4,222230.2,1,1
15-02-2018,229596,10,27.1,222593.6,1,0
14-02-2018,231023,16,26.5,223724.9,1,0
13-02-2018,232593,32,26.6,225346.9,1,1
12-02-2018,236992,44,28.7,227285.8,1,1
09-02-2018,242572,37,30,229611.4,1,1
08-02-2018,254962,28,29.2,233056.4,1,0
07-02-2018,238439,27,29.1,234699.6,1,0
06-02-2018,238871,36,30.2,236274.2,1,1
05-02-2018,237965,51,31.4,237376.7,1,1
02-02-2018,236928,24,30.5,237994.1,0,0
30-01-2018,236350,30,32.5,238669.5,0,0
29-01-2018,233747,35,34.4,238941.9,0,1
26-01-2018,235576,28,34,239240.2,0,0
25-01-2018,236492,35,33.1,239190.2,0,1
24-01-2018,234327,33,32.7,238365.7,0,1
23-01-2018,233834,56,35.5,236252.9,0,1
22-01-2018,233544,34,36.2,235763.4,0,0
19-01-2018,231891,34,36,235065.4,0,0
18-01-2018,231105,46,35.5,234379.4,0,1
17-01-2018,228314,43,37.4,233518,0,1
16-01-2018,226818,60,40.4,232564.8,0,1
15-01-2018,225004,38,40.7,231690.5,0,0
12-01-2018,226141,30,40.9,230747,0,0
11-01-2018,223219,47,42.1,229419.7,0,1
10-01-2018,227895,39,42.7,228776.5,0,0
09-01-2018,231281,48,41.9,228521.2,1,1
08-01-2018,234568,69,45.4,228623.6,1,1
05-01-2018,237308,26,44.6,229165.3,1,0
04-01-2018,241124,30,43,230167.2,1,0
03-01-2018,236103,74,46.1,230946.1,1,1
02-01-2018,240334,22,42.3,232297.7,1,0
29-12-2017,245123,30,41.5,234309.6,1,0
28-12-2017,244381,25,41,236133.6,1,0
27-12-2017,246158,38,40.1,238427.5,1,0
26-12-2017,244956,54,41.6,240133.6,1,1
22-12-2017,247613,42,41,241766.8,1,1
21-12-2017,244690,48,38.9,242779,1,1
20-12-2017,241590,38,40.1,243207.2,0,0
19-12-2017,240951,32,40.3,243189.9,0,0
18-12-2017,239452,30,35.9,243524.8,0,0
15-12-2017,237990,85,42.2,243290.4,0,1
14-12-2017,240623,37,42.9,242840.4,0,0
13-12-2017,240081,37,44.1,242410.4,0,0
12-12-2017,237670,33,43.6,241561.6,0,0
11-12-2017,239405,40,42.2,241006.5,0,0
08-12-2017,239087,46,42.6,240153.9,0,1
07-12-2017,242752,31,40.9,239960.1,1,0
06-12-2017,241078,42,41.3,239908.9,1,1
05-12-2017,239548,38,41.9,239768.6,0,0
04-12-2017,235981,42,43.1,239421.5,0,0
30-11-2017,236614,39,38.5,239283.9,0,1
29-11-2017,241795,28,37.6,239401.1,1,0
28-11-2017,238946,24,36.3,239287.6,0,0
27-11-2017,238480,47,37.7,239368.6,0,1
24-11-2017,239318,23,36,239359.9,0,0
23-11-2017,236989,29,34.3,239150.1,0,0
22-11-2017,238542,34,34.6,238729.1,0,0
21-11-2017,239374,54,35.8,238558.7,1,1
20-11-2017,247670,57,37.7,239370.9,1,1
17-11-2017,252759,28,36.3,241048.7,1,0
16-11-2017,251573,36,36,242544.6,1,0
15-11-2017,255326,26,35.8,243897.7,1,0
14-11-2017,257285,36,37,245731.6,1,0
13-11-2017,259605,36,35.9,247844.1,1,1
10-11-2017,253657,23,35.9,249278,1,0
09-11-2017,252021,32,36.2,250781.2,1,0
08-11-2017,250547,41,36.9,251981.7,0,1
07-11-2017,247763,36,35.1,252820.6,0,1
06-11-2017,243132,23,31.7,252366.8,0,0
03-11-2017,240019,28,31.7,251092.8,0,0
02-11-2017,237501,28,30.9,249685.6,0,0
01-11-2017,237653,36,31.9,247918.3,0,1
31-10-2017,232906,19,30.2,245480.4,0,0
30-10-2017,230994,22,28.8,242619.3,0,0
27-10-2017,228823,23,28.8,240135.9,0,0
26-10-2017,226611,24,28,237594.9,0,0
25-10-2017,226402,47,28.6,235180.4,0,1
24-10-2017,222644,37,28.7,232668.5,0,1
23-10-2017,219091,48,31.2,230264.4,0,1
20-10-2017,216337,24,30.8,227896.2,0,0
19-10-2017,217370,40,32,225883.1,0,1
17-10-2017,223744,31,31.5,224492.2,0,0
16-10-2017,221936,19,31.5,223395.2,0,0
13-10-2017,221332,61,35.4,222429,0,1
12-10-2017,226310,23,35.4,222177.7,1,0
11-10-2017,226939,29,35.9,222210.5,1,0
10-10-2017,227445,53,36.5,222314.8,1,1
09-10-2017,226505,25,35.3,222700.9,1,0
06-10-2017,226737,26,33.1,223465.5,1,0
05-10-2017,227506,38,34.5,224582.4,1,1
04-10-2017,224329,36,34.1,225278.3,0,1
03-10-2017,225728,36,34.6,225476.7,1,1
02-10-2017,222306,48,37.5,225513.7,0,1
29-09-2017,221212,18,33.2,225501.7,0,0
28-09-2017,216465,27,33.6,224517.2,0,0
27-09-2017,213209,52,35.9,223144.2,0,1
26-09-2017,211060,52,35.8,221505.7,0,1
25-09-2017,207233,30,36.3,219578.5,0,0
21-09-2017,208655,47,38.4,217770.3,0,1
20-09-2017,209571,26,37.2,215976.8,0,0
19-09-2017,210679,56,39.2,214611.8,0,1
18-09-2017,213185,29,38.5,213357.5,0,0
15-09-2017,215315,50,38.7,212658.4,1,1
14-09-2017,214118,35,40.4,211949,1,0
13-09-2017,215413,48,42.5,211843.8,1,1
12-09-2017,216418,45,41.8,212164.7,1,1
11-09-2017,214226,57,42.3,212481.3,1,1
08-09-2017,212730,44,43.7,213031,0,1
07-09-2017,213803,80,47,213545.8,1,1
06-09-2017,216938,35,47.9,214282.5,1,0
05-09-2017,216139,38,46.1,214828.5,1,0
30-08-2017,212091,25,45.7,214719.1,0,0
29-08-2017,213398,24,43.1,214527.4,0,0
28-08-2017,214469,40,43.6,214562.5,0,0
25-08-2017,219161,25,41.3,214937.3,1,0
24-08-2017,220020,52,42,215297.5,1,1
23-08-2017,215964,37,40,215471.3,1,0
22-08-2017,210130,50,40.6,215211.3,0,1
21-08-2017,206200,48,37.4,214451,0,1
18-08-2017,203917,41,38,213148.9,0,1
17-08-2017,206479,27,36.9,212182.9,0,0
16-08-2017,209280,33,37.7,211901.8,0,0
15-08-2017,213574,40,39.3,211919.4,1,1
14-08-2017,211301,35,38.8,211602.6,0,0
11-08-2017,214630,62,42.5,211149.5,1,1
10-08-2017,213989,38,41.1,210546.4,1,0
09-08-2017,208575,27,40.1,209807.5,0,0
08-08-2017,207975,45,39.6,209592,0,1
07-08-2017,210128,48,39.6,209984.8,1,1
04-08-2017,208358,29,38.4,210428.9,0,0
03-08-2017,207542,38,39.5,210535.2,0,0
02-08-2017,207385,27,38.9,210345.7,0,0
01-08-2017,206893,38,38.7,209677.6,0,0
31-07-2017,207136,32,38.4,209261.1,0,0
28-07-2017,209042,29,35.1,208702.3,1,0
27-07-2017,211861,56,36.9,208489.5,1,1
26-07-2017,213307,38,38,208962.7,1,0
25-07-2017,216566,66,40.1,209821.8,1,1
24-07-2017,217571,14,36.7,210566.1,1,0
21-07-2017,215712,27,36.5,211301.5,1,0
20-07-2017,217593,41,36.8,212306.6,1,1
19-07-2017,216110,36,37.7,213179.1,1,0
18-07-2017,216054,45,38.4,214095.2,1,1
17-07-2017,216901,35,38.7,215071.7,1,0
14-07-2017,224157,41,39.9,216583.2,1,1
13-07-2017,215530,17,36,216950.1,0,0
12-07-2017,214366,29,35.1,217056,0,0
11-07-2017,210889,34,31.9,216488.3,0,1
10-07-2017,213889,24,32.9,216120.1,0,0
07-07-2017,213741,35,33.7,215923,0,1
06-07-2017,214888,23,31.9,215652.5,0,0
05-07-2017,220033,38,32.1,216044.8,1,1
04-07-2017,220797,36,31.2,216519.1,1,1
03-07-2017,220829,17,29.4,216911.9,1,0
30-06-2017,220630,41,29.4,216559.2,1,1
29-06-2017,218901,25,30.2,216896.3,1,0
28-06-2017,218736,36,30.9,217333.3,1,1
23-06-2017,211267,#N/A,#N/A,217371.1,0,#N/A
22-06-2017,211356,22,#N/A,217117.8,0,#N/A
21-06-2017,212795,20,#N/A,217023.2,0,#N/A
20-06-2017,215490,34,#N/A,217083.4,0,#N/A
19-06-2017,212843,31,#N/A,216364.4,0,#N/A
16-06-2017,213511,26,#N/A,215635.8,0,#N/A
15-06-2017,217117,60,#N/A,215264.6,1,#N/A
14-06-2017,223049,33,#N/A,215506.5,1,#N/A
13-06-2017,221353,53,#N/A,215751.7,1,#N/A
09-06-2017,217588,26,#N/A,215636.9,1,#N/A
08-06-2017,214424,33,33.8,215952.6,0,0
07-06-2017,216730,50,36.6,216490,1,1
06-06-2017,211550,38,38.4,216365.5,0,0
05-06-2017,210837,37,38.7,215900.2,0,0
02-06-2017,213101,45,40.1,215926,0,1
01-06-2017,213143,41,41.6,215889.2,0,0
31-05-2017,209679,49,40.5,215145.4,0,1
30-05-2017,206273,57,42.9,213467.8,0,1
29-05-2017,203317,40,41.6,211664.2,0,0
26-05-2017,204412,37,42.7,210346.6,0,0
25-05-2017,203394,45,43.9,209243.6,0,1
24-05-2017,201386,25,41.4,207709.2,0,0
23-05-2017,203252,55,43.1,206879.4,0,1
22-05-2017,202019,27,42.1,205997.6,0,0
19-05-2017,204870,45,42.1,205174.5,0,1
18-05-2017,200163,31,41.1,203876.5,0,0
17-05-2017,201960,48,41,203104.6,0,1
16-05-2017,206860,29,38.2,203163.3,1,0
15-05-2017,210395,35,37.7,203871.1,1,0
12-05-2017,212565,39,37.9,204686.4,1,1
11-05-2017,217433,70,40.4,206090.3,1,1
09-05-2017,219200,44,42.3,207871.7,1,1
08-05-2017,222238,44,41.2,209770.3,1,1
05-05-2017,227653,55,44,212333.7,1,1
04-05-2017,226457,32,42.7,214492.4,1,0
03-05-2017,225118,33,42.9,216987.9,1,0
02-05-2017,223341,36,41.7,219126,1,0
28-04-2017,222153,38,42.6,220655.3,1,0
27-04-2017,221943,49,44,221810.1,1,1
26-04-2017,219154,41,44.2,222469,0,0
25-04-2017,222616,43,41.5,222987.3,0,1
21-04-2017,220205,43,41.4,223087.8,0,1
20-04-2017,220000,31,40.1,222864,0,0
19-04-2017,223275,32,37.8,222426.2,1,0
18-04-2017,222505,49,39.5,222031,1,1
17-04-2017,224516,47,40.9,221970.8,1,1
14-04-2017,223840,26,39.9,222020.7,1,0
13-04-2017,224160,53,41.4,222221.4,1,1
12-04-2017,221060,51,41.6,222133.1,0,1
11-04-2017,224814,50,42.5,222699.1,1,1
10-04-2017,223447,89,47.1,222782.2,1,1
07-04-2017,219916,59,48.7,222753.3,0,1
06-04-2017,219847,22,47.8,222738,0,0
05-04-2017,215890,81,52.7,221999.5,0,1
04-04-2017,215780,30,50.8,221327,0,0
03-04-2017,219714,25,48.6,220846.8,0,0
31-03-2017,218526,45,50.5,220315.4,0,0
30-03-2017,216402,49,50.1,219539.6,0,0
29-03-2017,211491,28,47.8,218582.7,0,0
28-03-2017,209403,32,46,217041.6,0,0
27-03-2017,208786,30,40.1,215575.5,0,0
24-03-2017,207795,26,36.8,214363.4,0,0
23-03-2017,208990,71,41.7,213277.7,0,1
22-03-2017,208977,42,37.8,212586.4,0,1
21-03-2017,209590,57,40.5,211967.4,0,1
20-03-2017,207607,40,42,210756.7,0,0
17-03-2017,202333,40,41.5,209137.4,0,0
16-03-2017,201888,80,44.6,207686,0,1
15-03-2017,198062,66,48.4,206343.1,0,1
14-03-2017,195919,68,52,204994.7,0,1
13-03-2017,199818,89,57.9,204097.9,0,1
10-03-2017,192673,41,59.4,202585.7,0,0
09-03-2017,193227,46,56.9,201009.4,0,0
08-03-2017,191876,59,58.6,199299.3,0,1
07-03-2017,193779,34,56.3,197718.2,0,0
06-03-2017,195038,26,54.9,196461.3,0,0
03-03-2017,196911,36,54.5,195919.1,1,0
02-03-2017,200036,52,51.7,195733.9,1,1
01-03-2017,207976,52,50.3,196725.3,1,1
28-02-2017,206022,50,48.5,197735.6,1,1
27-02-2017,208084,64,46,198562.2,1,1
24-02-2017,216376,45,46.4,200932.5,1,0
23-02-2017,216553,67,48.5,203265.1,1,1
22-02-2017,219881,49,47.5,206065.6,1,1
21-02-2017,217396,83,52.4,208427.3,1,1
20-02-2017,216390,55,55.3,210562.5,1,0
17-02-2017,211901,57,57.4,212061.5,0,0
16-02-2017,204926,61,58.3,212550.5,0,1
15-02-2017,201846,24,55.5,211937.5,0,0
14-02-2017,202853,47,55.2,211620.6,0,0
13-02-2017,199810,74,56.2,210793.2,0,1
10-02-2017,197457,67,58.4,208901.3,0,1
08-02-2017,196909,32,54.9,206936.9,0,0
07-02-2017,195341,37,53.7,204482.9,0,0
06-02-2017,195239,38,49.2,202267.2,0,0
03-02-2017,189910,27,46.4,199619.2,0,0
02-02-2017,192259,27,43.4,197655,0,0
31-01-2017,187773,23,39.6,195939.7,0,0
27-01-2017,200000,22,39.4,195755.1,1,0
26-01-2017,187614,35,38.2,194231.2,0,0
25-01-2017,186229,44,35.2,192873.1,0,1
24-01-2017,190376,50,33.5,192165,0,1
23-01-2017,191474,26,32.9,191621.5,0,0
20-01-2017,197215,35,32.7,191808.9,1,1
19-01-2017,201842,41,33,192469.2,1,1
18-01-2017,198445,34,33.7,193322.7,1,1
17-01-2017,198801,50,36,193976.9,1,1
16-01-2017,201435,49,38.6,195343.1,1,1
13-01-2017,197310,42,40.6,195074.1,1,1
12-01-2017,198011,30,40.1,196113.8,1,0
11-01-2017,203829,47,40.4,197873.8,1,1
10-01-2017,205305,64,41.8,199366.7,1,1
09-01-2017,203413,42,43.4,200560.6,1,0
06-01-2017,203797,72,47.1,201218.8,1,1
05-01-2017,201350,70,50,201169.6,1,1
04-01-2017,199704,23,48.9,201295.5,0,0
03-01-2017,202381,39,47.8,201653.5,1,0
30-12-2016,198648,33,46.2,201374.8,0,0
29-12-2016,199782,44,46.4,201622,0,0
28-12-2016,205324,32,46.6,202353.3,1,0
27-12-2016,201595,69,48.8,202129.9,0,1
23-12-2016,197124,48,47.2,201311.8,0,1
22-12-2016,196571,54,48.4,200627.6,0,1
21-12-2016,195493,49,46.1,199797.2,0,1
20-12-2016,197007,34,42.5,199362.9,0,0
19-12-2016,196741,63,46.5,199066.6,0,1
16-12-2016,195941,51,47.7,198422.6,0,1
15-12-2016,193247,62,50.6,197882.5,0,1
14-12-2016,190459,62,52.4,196950.2,0,1
13-12-2016,186756,51,54.3,195093.4,0,0
09-12-2016,183890,50,52.4,193322.9,0,0
08-12-2016,185733,21,49.7,192183.8,0,0
07-12-2016,184377,50,49.3,190964.4,0,1
06-12-2016,188074,80,52.4,190222.5,0,1
05-12-2016,188654,72,56.2,189387.2,0,1
02-12-2016,183114,37,53.6,188024.5,0,0
01-12-2016,188298,45,53,187260.2,1,0
30-11-2016,188301,66,53.4,186765.6,1,1
29-11-2016,188309,40,51.2,186550.6,1,0
28-11-2016,191286,47,50.8,187003.6,1,0
25-11-2016,192807,55,51.3,187895.3,1,1
24-11-2016,200918,115,60.7,189413.8,1,1
23-11-2016,196423,28,58.5,190618.4,1,0
22-11-2016,194269,25,53,191237.9,1,0
21-11-2016,194344,34,49.2,191806.9,1,0
18-11-2016,192146,33,48.8,192710.1,0,0
17-11-2016,195205,60,50.3,193400.8,1,1
16-11-2016,194093,53,49,193980,1,1
15-11-2016,195987,83,53.3,194747.8,1,1
14-11-2016,198438,93,57.9,195463,1,1
11-11-2016,211538,126,65,197336.1,1,1
10-11-2016,211243,93,62.8,198368.6,1,1
09-11-2016,210226,55,65.5,199748.9,1,0
08-11-2016,210022,98,72.8,201324.2,1,1
07-11-2016,200906,48,74.2,201980.4,0,0
04-11-2016,194324,42,75.1,202198.2,0,0
03-11-2016,196133,37,72.8,202291,0,0
02-11-2016,195186,52,72.7,202400.3,0,0
01-11-2016,198093,62,70.6,202610.9,0,0
31-10-2016,196733,31,64.4,202440.4,0,0
28-10-2016,196764,40,55.8,200963,0,0
27-10-2016,222418,55,52,202080.5,1,1
26-10-2016,200547,38,50.3,201112.6,0,0
25-10-2016,199068,66,47.1,200017.2,0,1
24-10-2016,198237,97,52,199750.3,0,1
21-10-2016,198570,44,52.2,200174.9,0,0
20-10-2016,198502,57,54.2,200411.8,0,1
19-10-2016,200928,45,53.5,200986,0,0
18-10-2016,195064,88,56.1,200683.1,0,1
17-10-2016,200591,46,57.6,201068.9,0,0
14-10-2016,195725,69,60.5,200965,0,1
13-10-2016,194905,53,60.3,198213.7,0,0
12-10-2016,193197,56,62.1,197478.7,0,0
11-10-2016,185093,55,61,196081.2,0,0
10-10-2016,183362,41,55.4,194593.7,0,0
07-10-2016,185010,50,56,193237.7,0,0
06-10-2016,189821,44,54.7,192369.6,0,0
05-10-2016,189489,56,55.8,191225.7,0,1
04-10-2016,185980,43,51.3,190317.3,0,0
30-09-2016,184552,40,50.7,188713.4,0,0
29-09-2016,187340,50,48.8,187874.9,0,1
28-09-2016,187310,80,51.5,187115.4,1,1
27-09-2016,190223,48,50.7,186818,1,0
26-09-2016,195744,47,49.9,187883.1,1,0
23-09-2016,191350,55,51.3,188681.9,1,1
22-09-2016,194320,71,53.4,189612.9,1,1
21-09-2016,191222,53,54.3,189753,1,0
20-09-2016,189957,48,53.5,189799.8,1,0
19-09-2016,193803,87,57.9,190582.1,1,1
15-09-2016,195884,57,59.6,191715.3,1,0
14-09-2016,191524,29,57.5,192133.7,0,0
13-09-2016,193003,56,55.1,192703,1,1
09-09-2016,205980,36,53.9,194278.7,1,0
08-09-2016,200512,35,52.7,194755.5,1,0
07-09-2016,204281,34,50.6,196048.6,1,0
06-09-2016,201252,34,46.9,196741.8,1,0
05-09-2016,198106,62,47.8,197430.2,1,1
02-09-2016,196563,60,49,198090.8,0,1
01-09-2016,194717,35,43.8,198182.2,0,0
30-08-2016,193002,28,40.9,197894,0,0
29-08-2016,192673,61,44.1,198008.9,0,1
26-08-2016,192280,44,42.9,197936.6,0,1
25-08-2016,190415,36,42.9,196380.1,0,0
24-08-2016,187978,39,43.3,195126.7,0,0
23-08-2016,187769,59,45.8,193475.5,0,1
22-08-2016,192141,76,50,192564.4,0,1
19-08-2016,191436,50,48.8,191897.4,0,1
18-08-2016,189125,74,50.2,191153.6,0,1
17-08-2016,193891,115,58.2,191071,1,1
16-08-2016,195873,54,60.8,191358.1,1,0
15-08-2016,203737,70,61.7,192464.5,1,1
12-08-2016,213648,76,64.9,194601.3,1,1
11-08-2016,211630,52,66.5,196722.8,1,0
10-08-2016,211477,75,70.1,199072.7,1,1
09-08-2016,210223,47,68.9,201318.1,1,0
08-08-2016,212962,39,65.2,203400.2,1,0
05-08-2016,214476,35,63.7,205704.2,1,0
04-08-2016,215492,56,61.9,208340.9,1,0
03-08-2016,217664,74,57.8,210718.2,1,1
02-08-2016,222447,45,56.9,213375.6,1,0
01-08-2016,220929,28,52.7,215094.8,1,0
29-07-2016,221223,25,47.6,215852.3,1,0
28-07-2016,224020,30,45.4,217091.3,1,0
27-07-2016,223159,50,42.9,218259.5,1,1
26-07-2016,224465,72,45.4,219683.7,1,1
25-07-2016,223140,47,46.2,220701.5,1,1
22-07-2016,221451,35,46.2,221399,1,0
21-07-2016,238649,32,43.8,223714.7,1,0
20-07-2016,238546,64,42.8,225802.9,1,1
19-07-2016,235625,52,43.5,227120.7,1,1
18-07-2016,233836,23,43,228411.4,1,0
15-07-2016,234796,75,48,229768.7,1,1
14-07-2016,233146,80,53,230681.3,1,1
13-07-2016,229358,31,51.1,231301.2,0,0
12-07-2016,247142,64,50.3,233568.9,1,1
11-07-2016,249103,42,49.8,236165.2,1,0
08-07-2016,251316,57,52,239151.7,1,1
05-07-2016,266962,33,52.1,241983,1,0
04-07-2016,249206,24,48.1,243049,1,0
01-07-2016,249799,45,47.4,244466.4,1,0
30-06-2016,250361,60,51.1,246118.9,1,1
29-06-2016,251363,48,48.4,247775.6,1,0
28-06-2016,248611,28,43.2,249322.1,0,0
27-06-2016,259764,53,45.4,252362.7,1,1
24-06-2016,254967,46,43.6,253145.2,1,1
23-06-2016,253964,66,46,253631.3,1,1
21-06-2016,246096,53,45.6,253109.3,0,1
20-06-2016,241458,58,48.1,250558.9,0,1
17-06-2016,237987,47,50.4,249437,0,0
16-06-2016,239625,27,48.6,248419.6,0,0
15-06-2016,253227,65,49.1,248706.2,1,1
14-06-2016,254621,40,48.3,249032,1,0
13-06-2016,259028,69,52.4,250073.7,1,1
10-06-2016,260454,29,50,250142.7,1,0
09-06-2016,261126,33,48.7,250758.6,1,0
08-06-2016,261069,32,45.3,251469.1,1,0
07-06-2016,263759,80,48,253235.4,1,1
06-06-2016,278181,23,44.5,256907.7,1,0
03-06-2016,276344,53,45.1,260743.4,1,1
02-06-2016,273506,24,44.8,264131.5,1,0
01-06-2016,273130,42,42.5,266121.8,1,0
31-05-2016,269845,43,42.8,267644.2,1,1
30-05-2016,267363,26,38.5,268477.7,0,0
27-05-2016,262777,43,39.9,268710,0,1
26-05-2016,278836,50,41.6,270481,1,1
25-05-2016,277648,70,45.4,272138.9,1,1
24-05-2016,276211,20,39.4,273384.1,1,0
23-05-2016,278979,31,40.2,273463.9,1,0
20-05-2016,277505,34,38.3,273580,1,0
19-05-2016,274855,59,41.8,273714.9,1,1
18-05-2016,276291,75,45.1,274031,1,1
17-05-2016,283779,24,43.2,275424.4,1,0
16-05-2016,283644,37,44.3,277052.5,1,0
13-05-2016,281110,27,42.7,278885.8,1,0
12-05-2016,279425,34,41.1,278944.7,1,0
11-05-2016,274322,44,38.5,278612.1,0,1
10-05-2016,268123,51,41.6,277803.3,0,1
09-05-2016,267868,18,40.3,276692.2,0,0
06-05-2016,267020,50,41.9,275643.7,0,1
05-05-2016,269586,34,39.4,275116.8,0,0
04-05-2016,283053,91,41,275793,1,1
03-05-2016,273955,39,42.5,274810.6,0,0
29-04-2016,269991,39,42.7,273445.3,0,0
28-04-2016,267950,35,43.5,272129.3,0,0
27-04-2016,268619,40,44.1,271048.7,0,0
26-04-2016,264962,29,42.6,270112.7,0,0
25-04-2016,261543,41,41.6,269454.7,0,0
22-04-2016,260224,39,43.7,268690.3,0,0
21-04-2016,260395,17,40.4,268027.8,0,0
20-04-2016,258811,25,39.5,266950.3,0,0
19-04-2016,271356,14,31.8,265780.6,1,0
18-04-2016,262638,27,30.6,264648.9,0,0
15-04-2016,264925,32,29.9,264142.3,1,1
14-04-2016,254701,24,28.8,262817.4,0,0
13-04-2016,259983,33,28.1,261953.8,0,1
12-04-2016,258932,34,28.6,261350.8,0,1
11-04-2016,260315,38,28.3,261228,0,1
08-04-2016,258224,35,27.9,261028,0,1
07-04-2016,254830,28,29,260471.5,0,0
06-04-2016,251282,28,29.3,259718.6,0,0
05-04-2016,252246,34,31.3,257807.6,0,1
04-04-2016,249340,50,33.6,256477.8,0,1
01-04-2016,246879,37,34.1,254673.2,0,1
31-03-2016,246243,65,38.2,253827.4,0,1
30-03-2016,251585,39,38.8,252987.6,0,1
29-03-2016,249606,63,41.7,252055,0,1
28-03-2016,243148,34,41.3,250338.3,0,0
25-03-2016,254926,48,42.6,250008.5,1,1
24-03-2016,252846,33,43.1,249810.1,1,0
23-03-2016,248375,43,44.6,249519.4,0,0
22-03-2016,246911,27,43.9,248985.9,0,0
21-03-2016,243769,40,42.9,248428.8,0,0
18-03-2016,239137,30,42.2,247654.6,0,0
17-03-2016,232329,60,41.7,246263.2,0,1
16-03-2016,225615,28,40.6,243666.2,0,0
15-03-2016,233168,31,37.4,242022.4,0,0
14-03-2016,226589,40,38,240366.5,0,1
11-03-2016,220247,51,38.3,236898.6,0,1
10-03-2016,214993,37,38.7,233113.3,0,0
09-03-2016,215233,32,37.6,229799.1,0,0
08-03-2016,213149,37,38.6,226422.9,0,0
07-03-2016,212703,23,36.9,223316.3,0,0
04-03-2016,217708,28,36.7,221173.4,0,0
03-03-2016,215865,32,33.9,219527,0,0
02-03-2016,211182,36,34.7,218083.7,0,1
01-03-2016,211835,27,34.3,215950.4,0,0
29-02-2016,208028,33,33.6,214094.3,0,0
26-02-2016,209552,31,31.6,213024.8,0,0
25-02-2016,210773,27,30.6,212602.8,0,0
24-02-2016,205058,30,30.4,211585.3,0,0
23-02-2016,207538,28,29.5,211024.2,0,0
22-02-2016,204381,50,32.2,210192,0,1
19-02-2016,199535,44,33.8,208374.7,0,1
18-02-2016,198027,45,35.1,206590.9,0,1
17-02-2016,196170,43,35.8,205089.7,0,1
16-02-2016,193297,49,38,203235.9,0,1
15-02-2016,195705,58,40.5,202003.6,0,1
12-02-2016,195844,31,40.5,200632.8,0,0
11-02-2016,194620,50,42.8,199017.5,0,1
10-02-2016,198126,40,43.8,198324.3,0,0
05-02-2016,194994,70,48,197069.9,0,1
04-02-2016,201460,51,48.1,196777.8,1,1
03-02-2016,200909,44,48.1,196915.2,1,0
02-02-2016,200708,73,50.9,197183.3,1,1
29-01-2016,200306,30,49.6,197596.9,1,0
28-01-2016,198023,43,49,198069.5,0,0
27-01-2016,197285,47,47.9,198227.5,0,0
26-01-2016,201848,27,47.5,198827.9,1,0
22-01-2016,206595,27,45.2,200025.4,1,0
21-01-2016,208320,55,46.7,201044.8,1,1
20-01-2016,210225,28,42.5,202567.9,1,0
19-01-2016,208918,20,39.4,203313.7,1,0
18-01-2016,240714,28,37.8,207294.2,1,0
15-01-2016,215508,31,33.6,208774.2,1,0
14-01-2016,216889,31,33.7,210432.5,1,0
13-01-2016,211576,45,33.9,211787.8,0,1
12-01-2016,208197,23,31.5,212879,0,0
11-01-2016,204884,70,35.8,213182.6,0,1
08-01-2016,202367,31,36.2,212759.8,0,0
07-01-2016,202576,52,35.9,212185.4,0,1
06-01-2016,193716,48,37.9,210534.5,0,1
05-01-2016,190102,41,40,208652.9,0,1
04-01-2016,188994,45,41.7,203480.9,0,1
31-12-2015,188888,53,43.9,200818.9,0,1
30-12-2015,184211,30,43.8,197551.1,0,0
29-12-2015,184418,67,46,194835.3,0,1
28-12-2015,184373,40,47.7,192452.9,0,0
23-12-2015,185429,34,44.1,190507.4,0,0
22-12-2015,188374,35,44.5,189108.1,0,0
21-12-2015,189472,46,43.9,187797.7,1,1
18-12-2015,190573,35,42.6,187483.4,1,0
17-12-2015,193522,36,42.1,187825.4,1,0
16-12-2015,193839,43,41.9,188309.9,1,1
15-12-2015,196106,89,45.5,189031.7,1,1
14-12-2015,200437,32,45.7,190654.3,1,0
11-12-2015,201999,60,45,192412.4,1,1
10-12-2015,200568,29,43.9,194031.9,1,0
09-12-2015,202168,37,44.2,195705.8,1,0
08-12-2015,203110,35,44.2,197179.4,1,0
07-12-2015,202776,38,43.4,198509.8,1,0
04-12-2015,198298,26,42.5,199282.3,0,0
03-12-2015,196965,31,42,199626.6,0,0
02-12-2015,197956,38,41.5,200038.3,0,0
01-12-2015,199305,38,36.4,200358.2,0,1
30-11-2015,193953,28,36,199709.8,0,0
27-11-2015,194549,35,33.5,198964.8,0,1
26-11-2015,194696,32,33.8,198377.6,0,0
25-11-2015,196451,47,34.8,197805.9,0,1
24-11-2015,196241,30,34.3,197119,0,0
23-11-2015,197011,41,34.6,196542.5,1,1
20-11-2015,200884,28,34.8,196801.1,1,0
19-11-2015,199897,27,34.4,197094.3,1,0
18-11-2015,198795,51,35.7,197178.2,1,1
17-11-2015,198126,37,35.6,197060.3,1,1
16-11-2015,195872,57,38.5,197252.2,0,1
13-11-2015,198263,65,41.5,197623.6,1,1
12-11-2015,196927,32,41.5,197846.7,0,0
11-11-2015,197004,31,39.9,197902,0,0
09-11-2015,195530,42,41.1,197830.9,0,1
06-11-2015,196363,30,40,197766.1,0,0
05-11-2015,197291,41,41.3,197406.8,0,0
04-11-2015,194603,63,44.9,196877.4,0,1
03-11-2015,198162,36,43.4,196814.1,1,0
02-11-2015,193093,46,44.3,196310.8,0,1
30-10-2015,192451,51,43.7,195968.7,0,1
29-10-2015,189732,41,41.3,195115.6,0,0
28-10-2015,187200,44,42.5,194142.9,0,1
27-10-2015,187791,71,46.5,193221.6,0,1
26-10-2015,184715,50,47.3,192140.1,0,1
23-10-2015,185332,26,46.9,191037,0,0
22-10-2015,185341,34,46.2,189842,0,0
21-10-2015,185571,33,43.2,188938.8,0,0
20-10-2015,190983,52,44.8,188220.9,1,1
19-10-2015,189959,48,45,187907.5,1,1
16-10-2015,187534,41,44,187415.8,1,0
15-10-2015,191498,48,44.7,187592.4,1,1
13-10-2015,191498,94,49.7,188022.2,1,1
12-10-2015,191824,30,45.6,188425.5,1,0
09-10-2015,191875,42,44.8,189141.5,1,0
08-10-2015,191011,75,49.7,189709.4,1,1
07-10-2015,186968,71,53.4,189872.1,0,1
06-10-2015,186228,91,59.2,189937.8,0,1
05-10-2015,182615,38,57.8,189101,0,0
02-10-2015,182973,73,60.3,188402.4,0,1
01-10-2015,182836,85,64.7,187932.6,0,1
30-09-2015,188347,85,68.4,187617.5,1,1
29-09-2015,187423,108,69.8,187210,1,1
28-09-2015,192641,106,77.4,187291.7,1,1
25-09-2015,192394,62,79.4,187343.6,1,0
23-09-2015,192246,61,78,187467.1,1,0
22-09-2015,192401,41,75,188010.4,1,0
21-09-2015,204419,79,73.8,189829.5,1,1
18-09-2015,198286,55,75.5,191396.6,1,0
17-09-2015,193671,53,73.5,192466.4,1,0
15-09-2015,194308,61,71.1,193613.6,1,0
14-09-2015,199501,61,68.7,194729,1,0
11-09-2015,197101,48,62.7,195696.8,1,0
10-09-2015,200177,60,58.1,196450.4,1,1
09-09-2015,203165,46,56.5,197527.5,1,0
08-09-2015,204696,54,55.8,198772.5,1,0
07-09-2015,209114,50,56.7,200443.8,1,0
04-09-2015,210680,33,52.1,201069.9,1,0
03-09-2015,216989,71,53.7,202940.2,1,1
02-09-2015,216322,22,50.6,205205.3,1,0
01-09-2015,215181,46,49.1,207292.6,1,0
28-08-2015,213112,57,48.7,208653.7,1,1
27-08-2015,217290,55,49.4,210672.6,1,1
26-08-2015,219509,38,47.2,212605.8,1,0
25-08-2015,224617,72,49.8,214751,1,1
24-08-2015,223891,54,49.8,216670.5,1,1
21-08-2015,217255,52,50,217484.6,0,1
20-08-2015,216817,40,50.7,218098.3,0,0
19-08-2015,213795,22,45.8,217778.9,0,0
18-08-2015,211265,30,46.6,217273.2,0,0
17-08-2015,211130,30,45,216868.1,0,0
14-08-2015,207936,33,42.6,216350.5,0,0
13-08-2015,201082,62,43.3,214729.7,0,1
12-08-2015,201179,44,43.9,212896.7,0,1
11-08-2015,199181,30,39.7,210353.1,0,0
10-08-2015,210100,44,38.7,208974,1,1
07-08-2015,206744,27,36.2,207922.9,0,0
06-08-2015,204360,41,36.3,206677.2,0,1
05-08-2015,203546,59,40,205652.3,0,1
04-08-2015,200844,47,41.7,204610.2,0,1
03-08-2015,197069,63,45,203204.1,0,1
31-07-2015,191838,17,43.4,201594.3,0,0
30-07-2015,194553,26,39.8,200941.4,0,0
29-07-2015,193691,42,39.6,200192.6,0,1
28-07-2015,186972,33,39.9,198971.7,0,0
27-07-2015,184579,20,37.5,196419.6,0,0
24-07-2015,183841,12,36,194129.3,0,0
23-07-2015,183324,15,33.4,192025.7,0,0
22-07-2015,184826,24,29.9,190153.7,0,0
21-07-2015,186170,37,28.9,188686.3,0,1
20-07-2015,191965,28,25.4,188175.9,1,1
16-07-2015,189872,26,26.3,187979.3,1,0
15-07-2015,189980,31,26.8,187522,1,1
14-07-2015,185474,30,25.6,186700.3,0,1
13-07-2015,185700,29,25.2,186573.1,0,1
10-07-2015,191622,30,26.2,187277.4,1,1
09-07-2015,191153,35,28.5,188008.6,1,1
08-07-2015,189895,24,29.4,188665.7,1,0
07-07-2015,193370,42,31.2,189520.1,1,1
06-07-2015,192775,24,29.9,190180.6,1,0
03-07-2015,194100,21,29.2,190394.1,1,0
02-07-2015,195002,33,29.9,190907.1,1,1
01-07-2015,194333,34,30.2,191342.4,1,1
30-06-2015,190808,26,29.8,191875.8,0,0
29-06-2015,191082,17,28.6,192414,0,0
26-06-2015,192278,26,28.2,192479.6,0,0
25-06-2015,193887,22,26.9,192753,1,0
24-06-2015,192224,47,29.2,192985.9,0,1
23-06-2015,187769,27,27.7,192425.8,0,0
22-06-2015,187815,27,28,191929.8,0,0
19-06-2015,191832,33,29.2,191703,1,1
18-06-2015,193142,35,29.4,191517,1,1
17-06-2015,183280,23,28.3,190411.7,0,0
16-06-2015,211102,36,29.3,192441.1,1,1
15-06-2015,179847,22,29.8,191317.6,0,0
12-06-2015,180162,29,30.1,190106,0,0
11-06-2015,180911,23,30.2,188808.4,0,0
10-06-2015,179396,34,28.9,187525.6,0,1
09-06-2015,181563,29,29.1,186905,0,0
08-06-2015,179138,34,29.8,186037.3,0,1
05-06-2015,179103,51,31.6,184764.4,0,1
04-06-2015,175641,46,32.7,183014.3,0,1
03-06-2015,174931,35,33.9,182179.4,0,1
02-06-2015,176320,37,34,178701.2,0,1
01-06-2015,175116,44,36.2,178228.1,0,1
29-05-2015,172373,23,35.6,177449.2,0,0
28-05-2015,170578,29,36.2,176415.9,0,0
27-05-2015,167100,30,35.8,175186.3,0,0
26-05-2015,166458,37,36.6,173675.8,0,1
25-05-2015,168056,30,36.2,172567.6,0,0
22-05-2015,168563,29,34,171513.6,0,0
21-05-2015,172208,31,32.5,171170.3,1,0
20-05-2015,170128,21,31.1,170690,0,0
19-05-2015,177483,21,29.5,170806.3,1,0
18-05-2015,177030,19,27,170997.7,1,0
15-05-2015,178638,36,28.3,171624.2,1,1
14-05-2015,176984,37,29.1,172264.8,1,1
13-05-2015,182474,40,30.1,173802.2,1,1
12-05-2015,231904,35,29.9,180346.8,1,1
11-05-2015,186415,26,29.5,182182.7,1,0
08-05-2015,182585,22,28.8,183584.9,0,0
07-05-2015,183525,18,27.5,184716.6,0,0
06-05-2015,184214,31,28.5,186125.2,0,1
05-05-2015,183576,29,29.3,186734.5,0,0
30-04-2015,181802,16,29,187211.7,0,0
29-04-2015,183328,23,27.7,187680.7,0,0
28-04-2015,182681,40,28,188250.4,0,1
27-04-2015,176999,40,28,187702.9,0,1
24-04-2015,175606,32,27.7,182073.1,0,1
23-04-2015,173397,28,27.9,180771.3,0,1
22-04-2015,172950,27,28.4,179807.8,0,0
21-04-2015,169029,36,30.2,178358.2,0,1
20-04-2015,168902,27,29.8,176827,0,0
17-04-2015,177000,31,30,176169.4,1,1
16-04-2015,175319,40,32.4,175521.1,0,1
15-04-2015,178229,29,33,175011.2,1,0
14-04-2015,177862,57,34.7,174529.3,1,1
13-04-2015,179976,34,34.1,174827,1,0
10-04-2015,225293,47,35.6,179795.7,1,1
09-04-2015,175488,42,37,180004.8,0,1
08-04-2015,176101,39,38.2,180319.9,0,1
07-04-2015,176724,30,37.6,181089.4,0,0
06-04-2015,174799,53,40.2,181679.1,0,1
03-04-2015,170448,22,39.3,181023.9,0,0
02-04-2015,170784,22,37.5,180570.4,0,0
01-04-2015,198172,32,37.8,182564.7,1,0
31-03-2015,171188,26,34.7,181897.3,0,0
30-03-2015,168614,53,36.6,180761.1,0,1
27-03-2015,167730,35,35.4,175004.8,0,0
26-03-2015,169589,38,35,174414.9,0,1
25-03-2015,175492,27,33.8,174354,1,0
24-03-2015,179714,44,35.2,174653,1,1
23-03-2015,181870,35,33.4,175360.1,1,1
20-03-2015,183247,56,36.8,176640,1,1
19-03-2015,176856,57,40.3,177247.2,0,1
18-03-2015,237121,66,43.7,181142.1,1,1
17-03-2015,192873,72,48.3,183310.6,1,1
16-03-2015,192588,43,47.3,185708,1,0
13-03-2015,188564,24,46.2,187791.4,1,0
12-03-2015,186890,37,46.1,189521.5,0,0
11-03-2015,189358,43,47.7,190908.1,0,0
10-03-2015,190990,55,48.8,192035.7,0,1
09-03-2015,189964,59,51.2,192845.1,0,1
06-03-2015,192725,50,50.6,193792.9,0,0
05-03-2015,190452,44,49.3,195152.5,0,0
04-03-2015,189135,46,47.3,190353.9,0,0
03-03-2015,191248,54,45.5,190191.4,1,1
02-03-2015,191867,44,45.6,190119.3,1,0
27-02-2015,190872,44,47.6,190350.1,1,0
26-02-2015,191273,28,46.7,190788.4,1,0
25-02-2015,195099,34,45.8,191362.5,1,0
24-02-2015,200230,43,44.6,192286.5,1,0
23-02-2015,197621,54,44.1,193052.2,1,1
18-02-2015,211576,23,41.4,194937.3,1,0
17-02-2015,203000,31,40.1,196192.1,1,0
16-02-2015,207787,22,37.7,198057.3,1,0
13-02-2015,210530,36,35.9,199985.5,1,1
12-02-2015,206707,33,34.8,201469.5,1,0
11-02-2015,207464,44,34.8,203128.7,1,1
10-02-2015,205417,50,37,204543.1,1,1
09-02-2015,197162,50,38.6,204749.4,0,1
06-02-2015,189591,65,40.8,203685.5,0,1
05-02-2015,188802,118,47.2,202803.6,0,1
04-02-2015,181456,44,49.3,199791.6,0,0
30-01-2015,179414,42,50.4,197433,0,0
29-01-2015,173517,54,53.6,194006,0,1
28-01-2015,170769,52,55.2,190029.9,0,0
27-01-2015,164854,31,55,185844.6,0,0
26-01-2015,163382,52,55.8,181436.4,0,0
23-01-2015,163955,22,53,177290.2,0,0
22-01-2015,173057,40,52,174879.7,0,0
21-01-2015,176134,68,52.3,173534,1,1
20-01-2015,183227,49,45.4,172976.5,1,1
19-01-2015,177318,34,44.4,172562.7,1,0
16-01-2015,179609,56,45.8,172582.2,1,1
15-01-2015,176079,38,44.2,172838.4,1,0
14-01-2015,177323,26,41.6,173493.8,1,0
13-01-2015,173616,51,43.6,174370,0,1
12-01-2015,174890,44,42.8,175520.8,0,1
09-01-2015,173964,42,44.8,176521.7,0,0
08-01-2015,172416,48,45.6,176457.6,0,1
07-01-2015,170064,45,43.3,175850.6,0,1
06-01-2015,165238,38,42.2,174051.7,0,0
05-01-2015,163512,35,42.3,172671.1,0,0
02-01-2015,162813,48,41.5,170991.5,0,1
31-12-2014,166625,27,40.4,170046.1,0,0
30-12-2014,166539,22,40,168967.7,0,0
29-12-2014,173159,25,37.4,168922,1,0
26-12-2014,175853,52,38.2,169018.3,1,1
24-12-2014,176150,31,37.1,169236.9,1,0
23-12-2014,180452,55,37.8,170040.5,1,1
22-12-2014,183318,22,35.5,171365.9,1,0
19-12-2014,184523,27,34.4,173294.4,1,0
18-12-2014,182574,28,33.7,175200.6,1,0
17-12-2014,180159,33,32.2,176935.2,1,1
16-12-2014,183030,37,33.2,178575.7,1,1
15-12-2014,183813,34,34.4,180303.1,1,0
12-12-2014,181940,51,37,181181.2,1,1
11-12-2014,181843,51,36.9,181780.2,1,1
10-12-2014,192781,41,37.9,183443.3,1,1
09-12-2014,198089,49,37.3,185207,1,1
08-12-2014,195945,34,38.5,186469.7,1,0
05-12-2014,199604,24,38.2,187977.8,1,0
04-12-2014,194408,37,39.1,189161.2,1,0
03-12-2014,198041,83,44.1,190949.4,1,1
02-12-2014,202878,21,42.5,192934.2,1,0
01-12-2014,206345,47,43.8,195187.4,1,1
28-11-2014,212741,29,41.6,198267.5,1,0
27-11-2014,206863,37,40.2,200769.5,1,0
26-11-2014,204583,37,39.8,201949.7,1,0
25-11-2014,209078,36,38.5,203048.6,1,0
24-11-2014,208856,39,39,204339.7,1,0
21-11-2014,207936,26,39.2,205172.9,1,0
20-11-2014,213825,32,38.7,207114.6,1,0
19-11-2014,213948,34,33.8,208705.3,1,1
18-11-2014,213864,29,34.6,209803.9,1,0
17-11-2014,213212,28,32.7,210490.6,1,0
14-11-2014,216717,34,33.2,210888.2,1,1
13-11-2014,216373,26,32.1,211839.2,1,0
12-11-2014,220289,29,31.3,213409.8,1,0
11-11-2014,218584,46,32.3,214360.4,1,1
10-11-2014,228862,44,32.8,216361,1,1
07-11-2014,231802,59,36.1,218747.6,1,1
06-11-2014,231457,58,38.7,220510.8,1,1
05-11-2014,227060,47,40,221822,1,1
04-11-2014,221089,34,40.5,222544.5,0,0
03-11-2014,219239,36,41.3,223147.2,0,0
31-10-2014,221796,37,41.6,223655.1,0,0
30-10-2014,228662,32,42.2,224884,1,0
29-10-2014,238106,46,43.9,226665.7,1,1
28-10-2014,242557,45,43.8,229063,1,1
27-10-2014,245577,12,40.6,230734.5,1,0
24-10-2014,250842,22,36.9,232638.5,1,0
23-10-2014,253158,35,34.6,234808.6,1,1
21-10-2014,254523,16,31.5,237554.9,1,0
20-10-2014,267221,20,30.1,242168.1,1,0
17-10-2014,260974,20,28.5,246341.6,1,0
16-10-2014,257728,27,27.5,249934.8,1,0
15-10-2014,273524,47,29,254421,1,1
14-10-2014,275846,30,27.4,258195,1,1
13-10-2014,279578,40,26.9,261897.1,1,1
10-10-2014,272582,40,29.7,264597.6,1,1
09-10-2014,273346,53,32.8,266848,1,1
08-10-2014,271735,31,32.4,268705.7,1,0
07-10-2014,266880,28,33.6,269941.4,0,0
03-10-2014,267860,26,34.2,270005.3,0,0
02-10-2014,266710,74,39.6,270578.9,0,1
01-10-2014,268559,34,40.3,271662,0,0
30-09-2014,262734,18,37.4,270583,0,0
29-09-2014,261717,34,37.8,269170.1,0,0
26-09-2014,256254,27,36.5,266837.7,0,0
25-09-2014,256559,43,36.8,265235.4,0,1
24-09-2014,260241,34,34.9,263924.9,0,0
23-09-2014,255956,35,35.3,262347,0,0
22-09-2014,257173,29,35.4,261376.3,0,0
19-09-2014,257119,30,35.8,260302.2,0,0
18-09-2014,263407,37,32.1,259971.9,1,1
17-09-2014,270095,46,33.3,260125.5,1,1
15-09-2014,276678,33,34.8,261519.9,1,0
12-09-2014,282899,37,35.1,263638.1,1,1
11-09-2014,283985,66,39,266411.2,1,1
10-09-2014,287859,38,38.5,269541.2,1,0
09-09-2014,283458,40,39.1,271862.9,1,1
08-09-2014,285046,41,39.7,274771.9,1,1
05-09-2014,284770,46,41.4,277531.6,1,1
04-09-2014,286849,68,45.2,280504.6,1,1
03-09-2014,280710,45,46,282234.9,0,0
02-09-2014,274398,49,46.3,282665.2,0,1
29-08-2014,267015,58,48.8,281698.9,0,1
28-08-2014,258364,36,48.7,279245.4,0,0
27-08-2014,254375,79,50,276284.4,0,1
26-08-2014,248386,44,50.6,272337.1,0,0
25-08-2014,249730,91,55.7,268964.3,0,1
22-08-2014,249080,55,57.1,265367.7,0,0
21-08-2014,247400,36,56.1,261630.7,0,0
20-08-2014,244843,30,52.3,257430.1,0,0
19-08-2014,246829,32,51,254042,0,0
18-08-2014,250391,15,47.6,251641.3,0,0
15-08-2014,248528,55,47.3,249792.6,0,1
14-08-2014,246085,35,47.2,248564.7,0,0
13-08-2014,244672,38,43.1,247594.4,0,0
12-08-2014,243090,34,42.1,247064.8,0,0
11-08-2014,241614,66,39.6,246253.2,0,1
08-08-2014,236298,37,37.8,244975,0,0
07-08-2014,229465,16,35.8,243181.5,0,0
06-08-2014,228593,23,35.1,241556.5,0,0
05-08-2014,227936,32,35.1,239667.2,0,0
04-08-2014,229448,17,35.3,237572.9,0,0
01-08-2014,227228,26,32.4,235442.9,0,0
31-07-2014,223104,33,32.2,233144.8,0,1
30-07-2014,220267,35,31.9,230704.3,0,1
25-07-2014,218703,32,31.7,228265.6,0,1
24-07-2014,218886,24,27.5,225992.8,0,0
23-07-2014,223084,31,26.9,224671.4,0,1
22-07-2014,222000,21,27.4,223924.9,0,0
21-07-2014,216653,16,26.7,222730.9,0,0
18-07-2014,220406,32,26.7,221977.9,0,1
17-07-2014,260098,35,28.5,225042.9,1,1
16-07-2014,217113,27,28.6,224031.4,0,0
14-07-2014,265345,39,29.2,228255.5,1,1
11-07-2014,213359,50,30.7,227564.7,0,1
10-07-2014,211892,47,32.2,226883.6,0,1
09-07-2014,209402,20,31.8,225935.2,0,0
08-07-2014,215608,34,32.1,225187.6,0,1
07-07-2014,211096,27,32.7,224097.2,0,0
04-07-2014,210522,34,34.5,223484.1,0,0
03-07-2014,215052,17,33,222948.7,0,0
02-07-2014,208712,31,32.6,217810.1,0,0
01-07-2014,210960,40,33.9,217194.8,0,1
30-06-2014,199187,20,32,210579,0,0
27-06-2014,196023,33,30.3,208845.4,0,1
26-06-2014,192700,33,28.9,206926.2,0,1
25-06-2014,190134,30,29.9,204999.4,0,1
24-06-2014,187675,28,29.3,202206.1,0,0
23-06-2014,186983,31,29.7,199794.8,0,1
20-06-2014,187473,40,30.3,197489.9,0,1
19-06-2014,187337,37,32.3,194718.4,0,1
18-06-2014,186696,28,32,192516.8,0,0
17-06-2014,181982,40,32,189619,0,1
16-06-2014,182829,25,32.5,187983.2,0,0
13-06-2014,175230,45,33.7,185903.9,0,1
12-06-2014,173321,42,34.6,183966,0,1
11-06-2014,181854,20,33.6,183138,0,0
10-06-2014,177738,40,34.8,182144.3,0,1
09-06-2014,174590,32,34.9,180905,0,0
06-06-2014,174448,24,33.3,179602.5,0,0
05-06-2014,177857,47,34.3,178654.5,0,1
04-06-2014,181998,39,35.4,178184.7,1,1
03-06-2014,178836,56,37,177870.1,1,1
02-06-2014,180286,33,37.8,177615.8,1,0
30-05-2014,181211,47,38,178213.9,1,1
29-05-2014,182609,40,37.8,179142.7,1,1
28-05-2014,181076,34,39.2,179064.9,1,0
27-05-2014,182002,26,37.8,179491.3,1,0
26-05-2014,184891,30,37.6,180521.4,1,0
23-05-2014,182736,28,38,181350.2,1,0
22-05-2014,179553,32,36.5,181519.8,0,0
21-05-2014,182588,33,35.9,181578.8,1,0
20-05-2014,183521,33,33.6,182047.3,1,0
19-05-2014,184347,38,34.1,182453.4,1,1
16-05-2014,186053,35,32.9,182937.6,1,1
15-05-2014,186524,27,31.6,183329.1,1,0
14-05-2014,183441,22,30.4,183565.6,0,0
12-05-2014,180134,24,30.2,183378.8,0,0
09-05-2014,179771,41,31.3,182866.8,0,1
08-05-2014,178028,32,31.7,182396,0,1
07-05-2014,180221,20,30.5,182462.8,0,0
06-05-2014,184044,28,30,182608.4,1,0
05-05-2014,187529,39,30.6,183009.2,1,1
02-05-2014,189402,36,30.4,183514.7,1,1
30-04-2014,188981,32,30.1,183807.5,1,1
29-04-2014,191507,29,30.3,184305.8,1,0
28-04-2014,188191,18,29.9,184780.8,1,0
25-04-2014,185414,23,29.8,185308.8,1,0
24-04-2014,187970,21,27.8,186128.7,1,0
23-04-2014,188032,25,27.1,187129.1,1,0
22-04-2014,187200,40,29.1,187827,0,1
21-04-2014,186902,33,29.6,188112.8,0,1
18-04-2014,188346,30,28.7,188194.5,1,1
17-04-2014,191772,60,31.1,188431.5,1,1
16-04-2014,187794,36,31.5,188312.8,0,1
15-04-2014,185329,49,33.5,187695,0,1
14-04-2014,182941,47,36.4,187170,0,1
11-04-2014,188042,44,38.5,187432.8,1,1
10-04-2014,187623,37,40.1,187398.1,1,0
09-04-2014,188376,47,42.3,187432.5,1,1
08-04-2014,190537,64,44.7,187766.2,1,1
07-04-2014,189888,52,46.6,188064.8,1,1
04-04-2014,188724,33,46.9,188102.6,1,0
03-04-2014,188715,43,45.2,187796.9,1,0
02-04-2014,188511,26,44.2,187868.6,1,0
01-04-2014,187139,42,43.5,188049.6,0,0
31-03-2014,184296,41,42.9,188185.1,0,0
28-03-2014,183179,33,41.8,187698.8,0,0
27-03-2014,188233,43,42.4,187759.8,1,1
26-03-2014,187888,44,42.1,187711,1,1
25-03-2014,185437,38,39.5,187201,0,0
24-03-2014,193190,59,40.2,187531.2,1,1
21-03-2014,191282,43,41.2,187787,1,1
20-03-2014,190689,45,41.4,187984.4,1,1
19-03-2014,191587,31,41.9,188292,1,0
18-03-2014,194943,31,40.8,189072.4,1,0
17-03-2014,194000,28,39.5,190042.8,1,0
14-03-2014,192062,32,39.4,190931.1,1,0
13-03-2014,197274,50,40.1,191835.2,1,1
12-03-2014,191476,57,41.4,192194,0,1
11-03-2014,179729,55,43.1,191623.2,0,1
10-03-2014,181700,49,42.1,190474.2,0,1
07-03-2014,177558,25,40.3,189101.8,0,0
06-03-2014,177092,61,41.9,187742.1,0,1
05-03-2014,177999,43,43.1,186383.3,0,0
04-03-2014,177343,41,44.1,184623.3,0,0
03-03-2014,182205,57,47,183443.8,0,1
28-02-2014,179976,50,48.8,182235.2,0,1
27-02-2014,178066,37,47.5,180314.4,0,0
26-02-2014,184142,97,51.5,179581,1,1
25-02-2014,181148,27,48.7,179722.9,1,0
24-02-2014,184266,40,47.8,179979.5,1,0
21-02-2014,190243,38,49.1,181248,1,0
20-02-2014,191561,56,48.6,182694.9,1,1
19-02-2014,189302,32,47.5,183825.2,1,0
18-02-2014,187461,30,46.4,184837,1,0
17-02-2014,185313,38,44.5,185147.8,1,0
14-02-2014,185141,34,42.9,185664.3,0,0
13-02-2014,185902,28,42,186447.9,0,0
12-02-2014,196831,27,35,187716.8,1,0
11-02-2014,191709,27,35,188772.9,1,0
10-02-2014,194115,31,34.1,189757.8,1,0
07-02-2014,189743,19,32.2,189707.8,1,0
06-02-2014,190394,23,28.9,189591.1,1,0
05-02-2014,187560,20,27.7,189416.9,0,0
04-02-2014,186357,45,29.2,189306.5,0,1
30-01-2014,186491,35,28.9,189424.3,0,1
29-01-2014,189793,24,27.9,189889.5,0,0
28-01-2014,184369,25,27.6,189736.2,0,0
27-01-2014,179770,30,27.9,188030.1,0,1
24-01-2014,174345,19,27.1,186293.7,0,0
23-01-2014,172119,33,27.3,184094.1,0,1
22-01-2014,171154,34,28.8,182235.2,0,1
21-01-2014,170326,33,29.8,180228.4,0,1
20-01-2014,166263,26,30.4,178098.7,0,0
16-01-2014,168009,17,27.6,176263.9,0,0
15-01-2014,166774,38,27.9,174292.2,0,1
13-01-2014,164650,45,30,171777.9,0,1
10-01-2014,164548,40,31.5,169795.8,0,1
09-01-2014,162832,39,32.4,168102,0,1
08-01-2014,161057,34,33.9,166773.2,0,1
07-01-2014,157290,36,34.2,165290.3,0,1
06-01-2014,156725,41,34.9,163847.4,0,1
03-01-2014,153485,19,33.5,162163.3,0,0
02-01-2014,153085,23,33.2,160845.5,0,0
